/*******************************************************************************
 * Size: 22 px
 * Bpp: 4
 * Opts: --size 22 --bpp 4 --font /Library/Fonts/Arial Unicode.ttf -r 0x20-0x7F --symbols 天小时周月日分秒已连接等待尚未同步广播最后更新剩余重置额度用量状态开启关闭测试请在状态栏打开并启用蓝牙副屏设备名条次每•…：，。！？（） --format lvgl -o /Users/haorui/Code/github.com/agentRing-ESP-LCD/main/ui/ui_font_chinese_22.c --lv-font-name ui_font_chinese_22
 ******************************************************************************/

#ifdef LV_LVGL_H_INCLUDE_SIMPLE
#include "lvgl.h"
#else
#include "lvgl/lvgl.h"
#endif

#ifndef UI_FONT_CHINESE_22
#define UI_FONT_CHINESE_22 1
#endif

#if UI_FONT_CHINESE_22

/*-----------------
 *    BITMAPS
 *----------------*/

/*Store the image of the glyphs*/
static LV_ATTRIBUTE_LARGE_CONST const uint8_t glyph_bitmap[] = {
    /* U+0020 " " */

    /* U+0021 "!" */
    0x2f, 0xf2, 0x0, 0x7e, 0x30, 0xf, 0x38, 0x80,
    0x4, 0x4, 0xc, 0xc, 0x4, 0x4, 0x2, 0x71,
    0x0, 0x9, 0x80, 0xc, 0x40, 0x11, 0xc0, 0x5,
    0x60, 0x5, 0xd8, 0x80, 0x30,

    /* U+0022 "\"" */
    0x1f, 0xf0, 0xaf, 0xf0, 0x7, 0xfc, 0x20, 0x1,
    0x0, 0xb, 0x1, 0x1, 0x90, 0x10, 0x28, 0x5a,
    0x80, 0x17, 0x0,

    /* U+0023 "#" */
    0x0, 0xd5, 0xc0, 0x15, 0x70, 0x7, 0x22, 0x80,
    0x48, 0xa0, 0x18, 0x87, 0x0, 0x4, 0x38, 0x1,
    0x90, 0x10, 0x0, 0x80, 0x81, 0x9f, 0xe9, 0xc,
    0xff, 0x48, 0x67, 0xda, 0xa8, 0x5, 0x56, 0x1,
    0x55, 0x3d, 0x50, 0x1e, 0xaa, 0x7, 0xaa, 0x0,
    0xc, 0x3c, 0x0, 0x61, 0xe0, 0x19, 0x1, 0x0,
    0x8, 0x8, 0x0, 0x7a, 0xa0, 0x45, 0x54, 0x11,
    0x54, 0xb5, 0x20, 0x55, 0x88, 0x15, 0x6c, 0xf0,
    0x6f, 0xf8, 0x1b, 0xfe, 0x3, 0xf, 0x0, 0x18,
    0x78, 0x6, 0x50, 0x50, 0x2, 0x82, 0x80, 0x6f,
    0x3, 0x0, 0x78, 0x18, 0x6, 0x52, 0x0, 0x94,
    0x80, 0x30,

    /* U+0024 "$" */
    0x0, 0xe7, 0xa0, 0xf, 0xcf, 0xb0, 0xbb, 0x0,
    0x1d, 0x90, 0x64, 0x26, 0xf8, 0x1, 0x31, 0x9b,
    0xe9, 0x3c, 0x8d, 0x80, 0x1a, 0x10, 0x20, 0x1,
    0x80, 0xd0, 0x3, 0x83, 0x0, 0x65, 0xdb, 0x0,
    0x38, 0x20, 0x7, 0x10, 0x5, 0xc1, 0x2a, 0x1,
    0xf9, 0x58, 0x2a, 0x1d, 0x84, 0x3, 0xa6, 0x8c,
    0xa, 0x79, 0xc0, 0x39, 0x72, 0xd, 0x42, 0x1c,
    0x3, 0xe6, 0xaa, 0x4, 0x0, 0x7f, 0x29, 0x1,
    0x8f, 0x70, 0x3, 0xc2, 0x0, 0x10, 0x13, 0x0,
    0xe3, 0x2, 0x7, 0xf, 0x10, 0xa, 0x81, 0x4,
    0x20, 0x8f, 0xe9, 0x39, 0x46, 0x40, 0x3, 0xae,
    0x4, 0x20, 0xb8, 0x40, 0x1a, 0x39, 0xd7, 0xa8,
    0x80, 0x3e, 0xf0, 0xf, 0x0,

    /* U+0025 "%" */
    0x1, 0xbf, 0xe9, 0x0, 0xf7, 0x48, 0x7, 0x6a,
    0x43, 0x32, 0xc0, 0x33, 0x8c, 0x0, 0x63, 0x34,
    0x3c, 0x3a, 0x10, 0x0, 0x61, 0xc4, 0x3, 0x30,
    0x18, 0x3, 0x81, 0x80, 0x10, 0x32, 0x1, 0xc2,
    0x4, 0x0, 0x10, 0x60, 0x26, 0x91, 0x0, 0xe4,
    0x1b, 0x33, 0x49, 0x10, 0x20, 0x5c, 0x3, 0xea,
    0x3c, 0xc1, 0xf0, 0x1a, 0xc0, 0x7, 0xe4, 0xec,
    0xdd, 0x18, 0x41, 0x30, 0x7, 0xf8, 0xc8, 0x0,
    0x88, 0x80, 0x4e, 0xff, 0x38, 0x7, 0xf4, 0x1a,
    0x8d, 0x95, 0x34, 0x28, 0x7, 0xca, 0x70, 0xc,
    0x1e, 0xb2, 0x52, 0x1, 0xf4, 0x22, 0x3, 0x40,
    0xc0, 0xc, 0x60, 0x1e, 0x62, 0x80, 0xf, 0xfe,
    0x1c, 0x29, 0x80, 0x34, 0xc, 0x0, 0xa6, 0x1,
    0xce, 0x30, 0x1, 0x30, 0x73, 0x50, 0xc8, 0x6,
    0x18, 0x62, 0x0, 0x87, 0x6, 0x5e, 0x54, 0x0,

    /* U+0026 "&" */
    0x0, 0xc9, 0x9f, 0xd2, 0x20, 0x1f, 0x96, 0xcd,
    0x4d, 0xb0, 0x3, 0xf5, 0x86, 0x56, 0x99, 0x28,
    0x7, 0xc2, 0x6, 0x0, 0x40, 0x20, 0xf, 0x88,
    0x10, 0x0, 0x60, 0x80, 0x1f, 0x40, 0x51, 0x4a,
    0x31, 0x80, 0x7c, 0xaa, 0x1d, 0x68, 0x90, 0xf,
    0xce, 0xa0, 0x2, 0x70, 0xf, 0xd5, 0x5, 0x64,
    0x4a, 0x0, 0x3a, 0x0, 0x4e, 0xa7, 0x89, 0xe0,
    0xae, 0x71, 0x40, 0x14, 0x87, 0x88, 0x15, 0x84,
    0x78, 0x30, 0x4, 0x20, 0x40, 0x12, 0x40, 0x18,
    0x48, 0x4, 0x20, 0xe0, 0x19, 0x84, 0x4, 0x3,
    0x48, 0x41, 0x80, 0xf, 0x4, 0x7, 0x4, 0x0,
    0xe8, 0x39, 0xba, 0xc2, 0x4e, 0x22, 0x60, 0x5,
    0x70, 0x64, 0x43, 0xab, 0x1c, 0x3b, 0x0, 0xcf,
    0x9f, 0xec, 0x50, 0x0, 0xe3, 0x0,

    /* U+0027 "'" */
    0xf, 0xf1, 0x80, 0x7c, 0x20, 0x40, 0x40, 0xc2,
    0x0, 0xd7, 0x0,

    /* U+0028 "(" */
    0x0, 0x8f, 0xcc, 0x2, 0xe4, 0x30, 0x3, 0x94,
    0x80, 0x52, 0x84, 0x0, 0x61, 0xe0, 0xa, 0xc1,
    0x40, 0x4, 0x43, 0x0, 0x90, 0x14, 0x2, 0xe0,
    0xe0, 0x8, 0x80, 0x40, 0x38, 0xc0, 0x38, 0xc0,
    0x22, 0x1, 0x0, 0xb4, 0x38, 0x2, 0x40, 0x40,
    0x8, 0x4c, 0x84, 0x2, 0xa0, 0x70, 0x9, 0x86,
    0x80, 0x34, 0x99, 0x80, 0x27, 0x28, 0x0, 0xdc,
    0x88,

    /* U+0029 ")" */
    0xe, 0x80, 0xd, 0xe, 0x60, 0x13, 0x17, 0x80,
    0x6a, 0x34, 0x0, 0x98, 0x3c, 0x2, 0x14, 0x41,
    0x0, 0x46, 0x8, 0x1, 0x60, 0x60, 0x4, 0xc0,
    0xe0, 0x11, 0x81, 0x0, 0x42, 0x1, 0xc2, 0x1,
    0xc6, 0x4, 0x1, 0x30, 0x30, 0x4, 0x61, 0x80,
    0x16, 0x2, 0x80, 0x48, 0x82, 0x0, 0x30, 0x78,
    0x5, 0x66, 0x80, 0x5, 0x2e, 0x0, 0xad, 0xc8,
    0x0,

    /* U+002A "*" */
    0x0, 0x9f, 0xc0, 0x31, 0x0, 0x80, 0x42, 0x1b,
    0xaf, 0x19, 0xf8, 0x18, 0x76, 0x15, 0x7d, 0x17,
    0x90, 0x17, 0x84, 0x2, 0xd4, 0xd4, 0xa0, 0x1,
    0x3c, 0x9b, 0xf8, 0x0,

    /* U+002B "+" */
    0x0, 0xcb, 0x66, 0x1, 0xf8, 0x91, 0x80, 0x3f,
    0xfb, 0x39, 0xff, 0x40, 0x57, 0xfd, 0x4c, 0x45,
    0x8, 0x9, 0x16, 0xad, 0xda, 0x42, 0xf7, 0x68,
    0x0, 0xff, 0xea, 0x80,

    /* U+002C "," */
    0x4, 0x40, 0x2, 0xec, 0x40, 0x1d, 0xe0, 0x60,
    0x82, 0x20, 0xab, 0x0, 0x72, 0x80,

    /* U+002D "-" */
    0x0, 0xf9, 0x3f, 0xfa, 0x80, 0x3e,

    /* U+002E "." */
    0x4, 0x40, 0x2, 0xec, 0x40, 0x18,

    /* U+002F "/" */
    0x0, 0xd3, 0xe0, 0x1c, 0x88, 0x0, 0xc2, 0x58,
    0x1, 0x9c, 0x14, 0x3, 0x60, 0x90, 0x6, 0x44,
    0x0, 0x62, 0x1f, 0x0, 0xca, 0x8, 0x1, 0xb0,
    0x84, 0x3, 0x22, 0x0, 0x32, 0x6, 0x80, 0x6c,
    0x4, 0x0, 0xc8, 0x60, 0x18, 0x4e, 0xc0, 0x32,
    0x2, 0x0, 0x6c, 0x3, 0x0, 0xc8, 0x80, 0xe,

    /* U+0030 "0" */
    0x0, 0x8e, 0xfb, 0xf1, 0x40, 0x39, 0x31, 0x15,
    0xe, 0xa0, 0x3, 0x50, 0x5d, 0xda, 0x2e, 0x60,
    0x6, 0x16, 0x40, 0x1, 0x40, 0x48, 0x3, 0x3,
    0x40, 0x33, 0x82, 0x0, 0x1c, 0x14, 0x3, 0x8,
    0xe0, 0x20, 0x10, 0xe, 0x20, 0x30, 0xf, 0xf8,
    0x40, 0x3f, 0xf9, 0x62, 0x4, 0x2, 0x1, 0xc4,
    0x6, 0xe, 0xa, 0x1, 0x84, 0x70, 0x60, 0x68,
    0x6, 0x70, 0x40, 0x3, 0xb, 0x20, 0x0, 0x60,
    0x24, 0x2, 0xb0, 0xbc, 0xbe, 0x17, 0x30, 0x9,
    0x71, 0xd, 0xe, 0xa0, 0x0,

    /* U+0031 "1" */
    0x0, 0xcb, 0xe8, 0x1, 0x15, 0x80, 0x63, 0xc1,
    0x0, 0xc, 0xe0, 0x88, 0x1, 0x2c, 0x58, 0xa0,
    0xe, 0x9d, 0x30, 0x9, 0x98, 0x1, 0xff, 0xf8,

    /* U+0032 "2" */
    0x0, 0x97, 0x3f, 0xdb, 0x0, 0x1d, 0x54, 0x34,
    0x41, 0xbe, 0x88, 0x1, 0x54, 0x5b, 0x76, 0xf4,
    0x28, 0x0, 0x70, 0x49, 0x0, 0x6, 0x81, 0x80,
    0x4, 0x6a, 0x1, 0x84, 0x3, 0x4e, 0x8, 0x6,
    0x10, 0x10, 0xf, 0xeb, 0x6, 0x0, 0xfc, 0xca,
    0x32, 0x1, 0xf3, 0x48, 0x68, 0x80, 0x7a, 0x24,
    0x30, 0xc0, 0x3d, 0x4e, 0x3a, 0x60, 0x1e, 0xc5,
    0x3f, 0x20, 0xf, 0x61, 0xae, 0x8, 0x7, 0xa0,
    0xcd, 0x40, 0x1f, 0x9c, 0xf, 0xbb, 0xe1, 0x30,
    0x8, 0x47, 0xe0,

    /* U+0033 "3" */
    0x0, 0x97, 0x3f, 0xd6, 0x80, 0x1d, 0x54, 0x34,
    0x4a, 0xdc, 0x2, 0x55, 0x17, 0x5d, 0xb4, 0x60,
    0x80, 0x1c, 0x10, 0x20, 0x2, 0x70, 0x40, 0x5,
    0x5a, 0x80, 0x78, 0x40, 0x2, 0x80, 0x18, 0xdc,
    0x14, 0x3, 0xd1, 0x78, 0x32, 0x40, 0x1c, 0x4e,
    0x80, 0x64, 0x1, 0xe2, 0xee, 0x51, 0x5a, 0x80,
    0x78, 0x44, 0xba, 0x16, 0x1, 0xfc, 0x62, 0x23,
    0x8, 0xa0, 0xf, 0x18, 0x38, 0x2a, 0x90, 0x3,
    0x11, 0x1, 0x42, 0xc2, 0x44, 0x0, 0x3c, 0xa,
    0x20, 0xca, 0x5d, 0x76, 0xe3, 0x35, 0x0, 0x55,
    0x26, 0x88, 0x39, 0xc0, 0x0,

    /* U+0034 "4" */
    0x0, 0xfb, 0x7c, 0x40, 0x3f, 0x41, 0x0, 0x7f,
    0x23, 0x80, 0x7f, 0xd, 0x19, 0x0, 0x7e, 0xb1,
    0xe0, 0xf, 0xcc, 0xb0, 0x40, 0x1f, 0x14, 0xa3,
    0x80, 0x7e, 0xe0, 0xa0, 0xf, 0xce, 0x74, 0x20,
    0x1f, 0x1c, 0x2a, 0x80, 0x3f, 0x48, 0x26, 0xee,
    0x20, 0xcd, 0x20, 0x0, 0x91, 0x60, 0x1, 0x10,
    0x6b, 0xff, 0xc4, 0x1d, 0xe6, 0x1, 0xff, 0xd8,

    /* U+0035 "5" */
    0x0, 0x27, 0xff, 0xd2, 0x1, 0x18, 0x0, 0x47,
    0xc0, 0x16, 0x86, 0x77, 0x74, 0x0, 0x4e, 0x6,
    0x1, 0xf8, 0x48, 0xc0, 0x3f, 0x94, 0x1a, 0x3b,
    0xf6, 0x0, 0x31, 0x82, 0xb9, 0x89, 0x3e, 0x88,
    0x3, 0x40, 0xfb, 0x7b, 0x8, 0x96, 0x0, 0xbb,
    0x68, 0x80, 0xf, 0x81, 0x44, 0x5, 0x4, 0x3,
    0x19, 0x2, 0x80, 0x7f, 0x8, 0x8, 0x45, 0x0,
    0x78, 0x81, 0x81, 0x95, 0x0, 0x31, 0x88, 0x8c,
    0x24, 0x24, 0x40, 0x3, 0xc1, 0x20, 0x7, 0x42,
    0xeb, 0xb7, 0x12, 0xb8, 0x5, 0x72, 0x68, 0x83,
    0x9a, 0x0, 0x0,

    /* U+0036 "6" */
    0x0, 0x86, 0x7b, 0xf6, 0x44, 0x3, 0x17, 0xb1,
    0xa8, 0x37, 0x88, 0x5, 0xe3, 0x1b, 0x5a, 0xc3,
    0x60, 0x5, 0x25, 0x70, 0xa, 0x8, 0x40, 0x1e,
    0x12, 0x1, 0x87, 0x6c, 0x0, 0xe0, 0x65, 0x17,
    0x4a, 0x1, 0x88, 0x57, 0x5d, 0x16, 0xa8, 0x1,
    0x86, 0x97, 0x7e, 0xc5, 0x60, 0x4, 0x0, 0x94,
    0x40, 0x9a, 0xe, 0x2, 0x0, 0xf0, 0xc, 0x64,
    0x6, 0x1, 0x30, 0x7, 0x30, 0x38, 0x18, 0x30,
    0x7, 0x38, 0x38, 0x20, 0x70, 0x6, 0x23, 0x3,
    0x9, 0x5, 0x50, 0x5, 0x20, 0xe0, 0x1, 0xb0,
    0xac, 0xae, 0x43, 0x80, 0x9, 0x35, 0x49, 0x4d,
    0xf0, 0x0,

    /* U+0037 "7" */
    0xff, 0xff, 0x20, 0x8f, 0xc0, 0x13, 0x77, 0x7c,
    0x81, 0x4, 0x1, 0xe7, 0x44, 0x38, 0x7, 0x8a,
    0x2, 0x80, 0x3e, 0x80, 0x81, 0x0, 0xf1, 0xa8,
    0xb8, 0x7, 0xd2, 0x12, 0x1, 0xf0, 0xa8, 0x30,
    0x7, 0xcc, 0xa, 0x20, 0x1f, 0x58, 0x70, 0x7,
    0xc2, 0x60, 0x80, 0x1f, 0x28, 0x18, 0x7, 0xe3,
    0x4, 0x0, 0xfd, 0xa1, 0xc0, 0x1f, 0x84, 0x8,
    0x3, 0xc0,

    /* U+0038 "8" */
    0x0, 0x97, 0x3f, 0xd8, 0xc0, 0x1d, 0x34, 0x68,
    0x83, 0x99, 0x0, 0x44, 0xc1, 0xb7, 0x6e, 0x26,
    0x40, 0x2, 0x3, 0x10, 0x0, 0x6c, 0x34, 0x0,
    0x60, 0x40, 0x18, 0x40, 0x32, 0x92, 0x40, 0x82,
    0xc0, 0x60, 0x5, 0x8a, 0xfd, 0xf4, 0xe, 0xa0,
    0x14, 0xa8, 0x1a, 0x1, 0xd0, 0x4, 0xce, 0x5b,
    0x97, 0xc1, 0xa8, 0x0, 0xb0, 0x92, 0x0, 0xe,
    0x85, 0x0, 0x8, 0x10, 0x3, 0x9, 0x89, 0x80,
    0x7f, 0xce, 0x4, 0x8, 0x1, 0x84, 0xc1, 0x42,
    0xc2, 0x48, 0x0, 0x34, 0x8, 0x20, 0xca, 0x5b,
    0x97, 0xe8, 0x54, 0x1, 0x55, 0xc, 0xc8, 0x6f,
    0xa2, 0x0,

    /* U+0039 "9" */
    0x0, 0x9b, 0x3f, 0xac, 0xc0, 0x3a, 0xa4, 0xd1,
    0x53, 0x1c, 0x2, 0x65, 0x1d, 0xbb, 0x71, 0xc1,
    0x80, 0x2c, 0x2c, 0x80, 0x3, 0xe1, 0x0, 0x2,
    0x5, 0x0, 0xc6, 0x28, 0x1, 0xff, 0xc0, 0x20,
    0x20, 0x40, 0xc, 0x62, 0x2, 0x14, 0x14, 0x60,
    0x2, 0xe0, 0x3, 0x83, 0x98, 0xe6, 0xec, 0x28,
    0x1, 0xb2, 0x8, 0x86, 0xf8, 0x0, 0x70, 0x9,
    0xf7, 0xfa, 0x1, 0x80, 0xc0, 0x90, 0x3, 0x84,
    0x88, 0x0, 0x8b, 0x50, 0xd, 0x20, 0xa0, 0xf,
    0x8, 0x0, 0x91, 0xc2, 0x40, 0xa, 0x85, 0xd5,
    0x96, 0x14, 0x20, 0x15, 0xc1, 0xa9, 0x2e, 0x28,
    0x0,

    /* U+003A ":" */
    0xf, 0xf1, 0x0, 0x75, 0xd8, 0x81, 0x10, 0x1,
    0xff, 0xca, 0x44, 0x0, 0x2e, 0xc4, 0x1, 0x80,

    /* U+003B ";" */
    0xf, 0xf1, 0x0, 0x75, 0xd8, 0x81, 0x10, 0x1,
    0xff, 0xca, 0x44, 0x0, 0x2e, 0xc4, 0x1, 0xde,
    0x6, 0x8, 0x22, 0xa, 0xb0, 0x7, 0x28, 0x0,

    /* U+003C "<" */
    0x0, 0xff, 0x18, 0x7, 0xc5, 0x1f, 0x20, 0x1c,
    0x75, 0xae, 0x18, 0x1, 0x36, 0x61, 0x4a, 0x7d,
    0x86, 0x3a, 0x4d, 0x73, 0x58, 0x1, 0xae, 0xf,
    0xd4, 0x60, 0x1f, 0xfc, 0x3d, 0x80, 0x7e, 0xa3,
    0x0, 0xc2, 0xfd, 0x46, 0xb9, 0xac, 0x1, 0xcb,
    0x98, 0x52, 0x9e, 0x60, 0xe, 0x3a, 0xe7, 0xc,
    0x0, 0xf8, 0x63, 0xa4,

    /* U+003D "=" */
    0xcf, 0xff, 0xea, 0x62, 0x2f, 0xf5, 0x6e, 0xff,
    0x40, 0x7, 0xff, 0x2b, 0x3f, 0xff, 0xa9, 0x88,
    0xbf, 0xc0,

    /* U+003E ">" */
    0x30, 0xf, 0xf7, 0xf3, 0x88, 0x7, 0xc8, 0x31,
    0xd2, 0x40, 0x1d, 0x1d, 0x2, 0xdb, 0x68, 0x1,
    0x85, 0xfa, 0x8d, 0x2f, 0x58, 0x3, 0x97, 0x35,
    0x8a, 0x68, 0x3, 0xe1, 0x10, 0x7, 0x92, 0xf5,
    0xce, 0x28, 0x5, 0xf6, 0xd0, 0xeb, 0x5c, 0x23,
    0xa0, 0x97, 0x30, 0xa0, 0x12, 0xc, 0x75, 0x18,
    0x7, 0x7f, 0x38, 0x80, 0x7c,

    /* U+003F "?" */
    0x0, 0x36, 0x7f, 0xb6, 0x4, 0x2, 0xa9, 0x34,
    0x41, 0xbf, 0x90, 0x32, 0x8e, 0xdd, 0xbd, 0x6,
    0x42, 0x82, 0x8, 0x0, 0x34, 0x8, 0x2a, 0x8e,
    0x1, 0x84, 0x80, 0xe6, 0xc4, 0x3, 0x11, 0x4,
    0x80, 0x3c, 0x3e, 0x12, 0x1, 0xe2, 0xc2, 0x67,
    0x0, 0xf7, 0x93, 0x48, 0x7, 0xa0, 0x9a, 0x40,
    0x3e, 0x40, 0xb0, 0xf, 0xc2, 0x4, 0x1, 0xfb,
    0x38, 0x3, 0xf9, 0x54, 0x1, 0xfd, 0x76, 0x30,
    0xf, 0xfe, 0x18,

    /* U+0040 "@" */
    0x0, 0xf1, 0x46, 0x77, 0xfb, 0x69, 0x80, 0x3f,
    0xc3, 0x5a, 0xe4, 0xab, 0xa, 0xcf, 0x28, 0x7,
    0xc7, 0xea, 0xac, 0xeb, 0xaa, 0x67, 0xc8, 0x54,
    0x0, 0x71, 0x60, 0xdd, 0x18, 0x7, 0x9b, 0xd1,
    0xd8, 0x3, 0x70, 0x62, 0x1, 0xdf, 0xf4, 0x84,
    0xfa, 0x59, 0xc8, 0x80, 0x18, 0xe0, 0xc1, 0x71,
    0x10, 0xad, 0x6a, 0xe, 0x1c, 0x12, 0x0, 0xb2,
    0x70, 0x2a, 0x1c, 0xbb, 0x90, 0xc4, 0x80, 0x8d,
    0x40, 0xca, 0xc0, 0x1c, 0x16, 0x60, 0x4, 0x50,
    0x50, 0x9, 0x48, 0x10, 0x10, 0xc, 0xc4, 0xa0,
    0x18, 0x80, 0xc0, 0x3d, 0xa0, 0x40, 0x80, 0xa0,
    0x1f, 0x68, 0x4, 0x60, 0x1, 0x20, 0x6, 0x86,
    0x80, 0x71, 0x82, 0x0, 0x48, 0x80, 0xf, 0xfe,
    0x0, 0xa0, 0x88, 0x0, 0xc3, 0xa0, 0x26, 0x0,
    0xd0, 0xc0, 0xd, 0x40, 0xa0, 0x2, 0x92, 0x60,
    0x21, 0x20, 0x50, 0x64, 0x1, 0xa4, 0x1, 0x5,
    0xc0, 0xf0, 0x6, 0x2, 0x1, 0x38, 0x5f, 0x71,
    0x58, 0x17, 0xa8, 0x30, 0x80, 0x8, 0x30, 0x0,
    0x88, 0x8, 0x93, 0x60, 0xc0, 0xd, 0xe6, 0x28,
    0x41, 0x63, 0x40, 0x7, 0xef, 0xb2, 0x1c, 0xfe,
    0x91, 0x17, 0xd8, 0x1, 0x56, 0xa0, 0xf, 0xf8,
    0xf0, 0x64, 0x80, 0x14, 0xaa, 0xe7, 0x10, 0xf,
    0x1c, 0xe1, 0x43, 0x0, 0x6a, 0x90, 0x8e, 0xe5,
    0xd5, 0x33, 0xb1, 0x8f, 0x1c, 0x3, 0xcd, 0xd6,
    0xc4, 0xab, 0x11, 0x1b, 0x30, 0x60, 0x10,

    /* U+0041 "A" */
    0x0, 0xf1, 0x7f, 0x9c, 0x3, 0xff, 0x81, 0x40,
    0xa, 0x0, 0xff, 0xe0, 0x31, 0x29, 0x20, 0x7,
    0xf9, 0x5, 0x3c, 0x38, 0x3, 0xfd, 0xc1, 0xaa,
    0x2a, 0x20, 0x1f, 0x85, 0x45, 0x1, 0xc1, 0x80,
    0x3f, 0x38, 0x38, 0x2, 0x82, 0x80, 0x3f, 0x50,
    0x50, 0x0, 0xc8, 0x88, 0x1, 0xe2, 0x32, 0x30,
    0xa, 0x83, 0x80, 0x3d, 0x40, 0xb, 0xbe, 0x5,
    0x10, 0xe, 0x60, 0x24, 0x4c, 0x60, 0x6, 0x0,
    0xca, 0x29, 0xff, 0xea, 0x9, 0x0, 0xdc, 0x1a,
    0x1, 0xe5, 0x11, 0x20, 0x0, 0x50, 0x1c, 0x3,
    0xe7, 0xf, 0x0, 0x30, 0x20, 0x80, 0x7d, 0x40,
    0x82, 0x14, 0x1c, 0x1, 0xf8, 0xc8, 0x24,

    /* U+0042 "B" */
    0x5f, 0xff, 0xb1, 0xc0, 0x3f, 0xe3, 0x8b, 0x0,
    0xc9, 0xff, 0xd4, 0x8, 0xc0, 0x1f, 0xcb, 0x1,
    0xa0, 0x1f, 0xe2, 0x0, 0xff, 0xe0, 0x10, 0x60,
    0x7, 0xe1, 0x58, 0x37, 0x0, 0x93, 0xff, 0x75,
    0xf, 0x0, 0x70, 0x8e, 0x0, 0xe, 0xa8, 0x4,
    0x9d, 0xdb, 0xf5, 0x42, 0x84, 0x3, 0xf1, 0x51,
    0x3, 0x80, 0x7f, 0x9c, 0x4, 0x3, 0xfc, 0xe0,
    0x40, 0x1f, 0x8a, 0x88, 0x14, 0x0, 0x9d, 0xdb,
    0xf5, 0x42, 0xc0, 0x30, 0x8e, 0x2, 0x6d, 0x40,

    /* U+0043 "C" */
    0x0, 0xcd, 0x7d, 0xfd, 0x6a, 0x1, 0xe3, 0xd9,
    0x40, 0x21, 0x4a, 0xc1, 0x0, 0x8b, 0x9, 0x37,
    0xb7, 0xe8, 0x4f, 0x40, 0x2f, 0x5, 0xb2, 0x0,
    0x97, 0x0, 0xd4, 0x10, 0x86, 0x80, 0x3c, 0x4e,
    0x44, 0xd, 0x7, 0x0, 0xfd, 0x1a, 0xe0, 0xa1,
    0xe0, 0x1f, 0xfc, 0x1, 0x2, 0x0, 0xff, 0xe1,
    0x8, 0x7, 0xff, 0x1, 0x80, 0xc0, 0x3f, 0xf8,
    0x6, 0x1e, 0x1, 0xf8, 0xa5, 0x42, 0xc1, 0xc0,
    0x3f, 0x53, 0x48, 0x19, 0x86, 0x40, 0x3c, 0x4e,
    0x14, 0x0, 0xf0, 0x6b, 0x20, 0x9, 0x70, 0xd,
    0x80, 0x7, 0x62, 0x9b, 0xdc, 0xfa, 0x13, 0xd0,
    0xc, 0x9f, 0x6, 0x2, 0x24, 0xac, 0x10, 0x0,

    /* U+0044 "D" */
    0x3f, 0xff, 0xb6, 0x48, 0x3, 0xfe, 0x26, 0xd6,
    0x0, 0xc5, 0xff, 0xda, 0xa1, 0x28, 0x1, 0xfc,
    0x54, 0xc1, 0x20, 0x1f, 0xf4, 0x89, 0x20, 0x7,
    0xfc, 0x81, 0x80, 0x1f, 0xf6, 0x81, 0x80, 0x7f,
    0xc2, 0xe, 0x1, 0xff, 0xc1, 0x70, 0xf, 0xf8,
    0x40, 0x40, 0x3f, 0xed, 0xd, 0x0, 0xff, 0xa,
    0x82, 0x0, 0x7f, 0xa0, 0x8, 0xc0, 0x3f, 0x15,
    0x30, 0x48, 0x4, 0x5d, 0xd7, 0xfb, 0x54, 0x29,
    0x0, 0x30, 0x8c, 0x2, 0x6f, 0xca, 0x0,

    /* U+0045 "E" */
    0x4f, 0xff, 0xf8, 0x80, 0x3f, 0xf8, 0x65, 0xff,
    0xfc, 0x40, 0x1f, 0xfe, 0xa2, 0xff, 0xfd, 0x0,
    0x18, 0x47, 0xf7, 0x80, 0x45, 0xdd, 0xf9, 0xc0,
    0x3f, 0xfd, 0x65, 0xdd, 0xfc, 0xe0, 0x10, 0x8f,
    0xf7, 0x80,

    /* U+0046 "F" */
    0x3f, 0xff, 0xf3, 0x0, 0x7f, 0xc6, 0x0, 0x2f,
    0xff, 0xca, 0x1, 0xff, 0xe6, 0x2f, 0xff, 0x90,
    0x3, 0x8, 0xfc, 0xe0, 0x11, 0x77, 0x7c, 0x60,
    0x1f, 0xff, 0xd0,

    /* U+0047 "G" */
    0x0, 0xcb, 0x5d, 0xfe, 0xeb, 0x50, 0xe, 0x1c,
    0xa5, 0x12, 0x11, 0x25, 0x60, 0x4, 0x3e, 0x65,
    0x7f, 0xbd, 0xf4, 0x27, 0x40, 0xb, 0x13, 0xd4,
    0x0, 0xcb, 0xe0, 0xa6, 0x4a, 0x1c, 0x1, 0xf0,
    0xcb, 0x8a, 0x82, 0x90, 0x7, 0xe6, 0x82, 0xc0,
    0xc0, 0xf, 0xfe, 0x3, 0x81, 0x80, 0x77, 0x77,
    0xa8, 0x40, 0x3e, 0x11, 0xf9, 0x80, 0x80, 0x3b,
    0xff, 0x50, 0x0, 0xc3, 0x0, 0x3f, 0xf8, 0x16,
    0x8, 0x40, 0x1f, 0xf1, 0xa8, 0x78, 0x80, 0x7d,
    0xe0, 0x15, 0x91, 0x3d, 0xc8, 0x0, 0x2d, 0xca,
    0x18, 0x3, 0x88, 0x31, 0xbf, 0xee, 0x91, 0x2b,
    0x70, 0x0, 0xde, 0x31, 0x0, 0x5, 0x6b, 0x50,
    0x0,

    /* U+0048 "H" */
    0x3f, 0xd0, 0xf, 0xdf, 0xe2, 0x0, 0xff, 0xfe,
    0x17, 0xff, 0xe0, 0xf, 0xfe, 0x39, 0x7f, 0xfe,
    0x0, 0xff, 0xff, 0x80, 0x7f, 0xf3, 0x80,

    /* U+0049 "I" */
    0xff, 0x8, 0x7, 0xff, 0x84,

    /* U+004A "J" */
    0x0, 0xfb, 0x7c, 0xc0, 0x3f, 0xff, 0xe0, 0x1f,
    0xfc, 0xd5, 0xe8, 0x0, 0xc6, 0x0, 0x11, 0x18,
    0x6, 0x10, 0x25, 0x4, 0x60, 0x4, 0x81, 0x88,
    0x9c, 0x27, 0xfc, 0xc1, 0x0, 0x8, 0x81, 0x0,
    0x13, 0x10, 0x0,

    /* U+004B "K" */
    0x6f, 0xb0, 0xf, 0xe, 0xfe, 0x0, 0x7f, 0xe,
    0x11, 0xe0, 0x7, 0xe1, 0xc2, 0x3c, 0x0, 0xfc,
    0x38, 0x49, 0x80, 0x1f, 0x87, 0x9, 0x2c, 0x3,
    0xf0, 0xe1, 0x25, 0x80, 0x7e, 0x1d, 0x21, 0xb0,
    0xf, 0xcf, 0xa6, 0x2, 0xe0, 0x1f, 0x8c, 0xcb,
    0x41, 0x6, 0x1, 0xf9, 0x69, 0x58, 0x38, 0x3,
    0xe3, 0xa0, 0x4, 0x91, 0x28, 0x3, 0xce, 0x1,
    0xb8, 0x15, 0x40, 0x1f, 0xe3, 0x70, 0xa2, 0x0,
    0xff, 0x41, 0x7, 0x0, 0x7f, 0xde, 0x7, 0x0,
    0x1f, 0xe2, 0x80, 0x74,

    /* U+004C "L" */
    0x5f, 0xb0, 0xf, 0xff, 0xf8, 0x7, 0xff, 0xfc,
    0x2, 0x4e, 0xef, 0x9c, 0x2, 0x11, 0xfb, 0xc0,

    /* U+004D "M" */
    0x5f, 0xf7, 0x0, 0x7e, 0x4f, 0xf5, 0x0, 0x42,
    0x80, 0x1f, 0x70, 0x7, 0x8, 0x68, 0x7, 0xca,
    0x1, 0xc8, 0x2e, 0x1, 0xe4, 0x5, 0x0, 0xe7,
    0x14, 0x0, 0xee, 0xf, 0x0, 0xed, 0xd, 0x0,
    0xe5, 0x50, 0x7, 0x90, 0x5c, 0x3, 0x28, 0x70,
    0x7, 0xce, 0x28, 0x1, 0x78, 0x20, 0x7, 0xda,
    0x1a, 0x1, 0x2a, 0x80, 0x3f, 0x20, 0xb8, 0x1,
    0x43, 0x80, 0x3f, 0x9c, 0x4c, 0x3c, 0x50, 0x3,
    0xfb, 0x42, 0x81, 0x5c, 0x3, 0xfc, 0x82, 0xea,
    0x1a, 0x1, 0xff, 0x38, 0xc0, 0xa0, 0x7, 0xfd,
    0xa0, 0x4e, 0x1, 0xff, 0xc0, 0x41, 0xd, 0x0,
    0xf0,

    /* U+004E "N" */
    0x4f, 0xf1, 0x80, 0x7d, 0xbe, 0x40, 0x17, 0x0,
    0x7f, 0xf0, 0x4a, 0x0, 0x3f, 0xe1, 0x7, 0x20,
    0xf, 0xf2, 0xb8, 0x70, 0x7, 0xfd, 0x4, 0x6e,
    0x1, 0xff, 0x70, 0x41, 0x0, 0x7f, 0x8d, 0x83,
    0x80, 0x3f, 0xe9, 0x13, 0x60, 0xf, 0xfa, 0x82,
    0x48, 0x3, 0xfc, 0x8c, 0x12, 0x1, 0xff, 0x40,
    0xa3, 0x0, 0x7f, 0x86, 0x82, 0x4c, 0x3, 0xfc,
    0x8a, 0x2, 0x1, 0xff, 0x58, 0x80, 0x7f, 0xf0,
    0x6, 0xc0, 0x20,

    /* U+004F "O" */
    0x0, 0xcd, 0x7d, 0xfd, 0x8e, 0x1, 0xf1, 0x6c,
    0xa0, 0x90, 0x1c, 0x71, 0x80, 0x62, 0xd2, 0x3c,
    0xfd, 0xed, 0x41, 0xc3, 0x0, 0xbc, 0x17, 0xc,
    0x2, 0x2b, 0x60, 0xd0, 0x2, 0x10, 0xd0, 0x7,
    0xd2, 0x42, 0xe1, 0xa0, 0xc0, 0x1f, 0xd6, 0x16,
    0x8, 0x1a, 0x1, 0xfc, 0xa0, 0x60, 0x60, 0xc0,
    0x1f, 0xc4, 0x0, 0x11, 0x0, 0x7f, 0xf0, 0xc8,
    0x1c, 0x3, 0xf8, 0x80, 0x2, 0xe1, 0x80, 0x1f,
    0xca, 0x6, 0x1c, 0xc, 0x1, 0xfd, 0x61, 0x60,
    0x86, 0x34, 0x1, 0xf4, 0x90, 0xb8, 0x3, 0x85,
    0x70, 0xc0, 0x23, 0xb6, 0xd, 0x0, 0x8b, 0x8,
    0xf3, 0xf7, 0xb1, 0x7, 0xc, 0x3, 0x16, 0xca,
    0x9, 0x1, 0xc7, 0x18, 0x4,

    /* U+0050 "P" */
    0x4f, 0xff, 0xba, 0xd8, 0x3, 0xfc, 0x29, 0x34,
    0x1, 0x1f, 0xff, 0xa4, 0x15, 0x0, 0x3f, 0x99,
    0x43, 0x40, 0x3f, 0xc4, 0x6, 0x1, 0xfe, 0x30,
    0x20, 0xf, 0xc5, 0x28, 0x16, 0x0, 0x3f, 0xfe,
    0xd6, 0x8, 0x30, 0xf, 0xc4, 0xb6, 0xe0, 0x11,
    0xff, 0xf6, 0xd2, 0x0, 0x7f, 0xff, 0xc0, 0x38,

    /* U+0051 "Q" */
    0x0, 0xcd, 0x7d, 0xfd, 0x8e, 0x1, 0xf1, 0x6c,
    0xa0, 0x90, 0x1c, 0x71, 0x80, 0x62, 0xd2, 0x4c,
    0xfd, 0xed, 0x51, 0xc3, 0x0, 0xb8, 0x16, 0xcc,
    0x2, 0x2a, 0x60, 0xd0, 0x2, 0x18, 0xd0, 0x7,
    0xd2, 0x42, 0xe1, 0xc0, 0xc0, 0x1f, 0xd6, 0x16,
    0xe, 0x18, 0x1, 0xfc, 0xa0, 0x60, 0x60, 0xe0,
    0x1f, 0xc4, 0x0, 0x10, 0xf, 0xfe, 0x18, 0x98,
    0x30, 0x7, 0xf1, 0x0, 0x4e, 0x1a, 0x1, 0xfc,
    0x80, 0x81, 0xc0, 0xc0, 0x1c, 0xc2, 0x0, 0xa0,
    0xd0, 0x43, 0x1a, 0x0, 0x8e, 0x79, 0xe0, 0x88,
    0xc0, 0xe, 0x15, 0xc3, 0x3, 0xd3, 0x87, 0xe,
    0x0, 0x8b, 0x8, 0xf3, 0xf7, 0xc, 0x2, 0xb0,
    0xc, 0x5b, 0x28, 0x24, 0x9, 0x3a, 0x6f, 0xc4,
    0x1, 0x9a, 0xfb, 0xfa, 0xd8, 0xb2, 0x88, 0x80,

    /* U+0052 "R" */
    0x3f, 0xff, 0xdd, 0x66, 0x1, 0xe3, 0x3e, 0x21,
    0x4c, 0x50, 0xc, 0x59, 0x9d, 0xbc, 0xa1, 0x60,
    0x1f, 0xf0, 0xd0, 0x9, 0x80, 0x7f, 0xf0, 0x8,
    0x18, 0x3, 0xfe, 0x12, 0x6, 0x0, 0xfe, 0x14,
    0xc0, 0x33, 0x0, 0x45, 0xff, 0xdd, 0x64, 0x7a,
    0x1, 0xc2, 0x30, 0x4, 0xd7, 0x82, 0x1, 0x8b,
    0xbb, 0x30, 0x3b, 0x80, 0x3f, 0xc3, 0x2e, 0x3a,
    0x40, 0x1f, 0xf4, 0x18, 0xf0, 0x7, 0xff, 0x3,
    0xc0, 0xd8, 0x3, 0xfe, 0x37, 0x9, 0x10, 0xf,
    0xfa, 0x4, 0x28, 0x3, 0xff, 0x81, 0x40, 0x8a,

    /* U+0053 "S" */
    0x0, 0x86, 0x37, 0xfd, 0xd4, 0x80, 0x1c, 0x7c,
    0xe4, 0x0, 0x15, 0xb9, 0x0, 0xda, 0xb, 0xbf,
    0xee, 0x80, 0x66, 0x0, 0x10, 0x4e, 0x88, 0x0,
    0x2f, 0x21, 0x60, 0x1, 0x6, 0x0, 0xf3, 0x13,
    0x0, 0x1c, 0x15, 0x0, 0x3d, 0xb6, 0x0, 0x26,
    0xb, 0xd8, 0x41, 0x0, 0xfa, 0x64, 0x44, 0x7b,
    0xec, 0x70, 0xf, 0x36, 0xe4, 0x20, 0x9c, 0x71,
    0x80, 0x78, 0xde, 0xfa, 0xd0, 0x74, 0x41, 0x58,
    0x3, 0xc9, 0x68, 0x2e, 0x17, 0x24, 0x1, 0xf1,
    0x80, 0x82, 0x4, 0x0, 0x7c, 0x80, 0x41, 0x0,
    0xb8, 0x82, 0x0, 0x3b, 0x31, 0x50, 0x2b, 0x3,
    0xbe, 0xff, 0x62, 0xe, 0x0, 0x49, 0xce, 0x62,
    0x0, 0x38, 0xe2, 0x0,

    /* U+0054 "T" */
    0x8f, 0xff, 0xfe, 0x8, 0x7, 0xfc, 0x2f, 0xff,
    0xa8, 0xf, 0xff, 0x70, 0x7, 0xff, 0xfc, 0x3,
    0xff, 0xfe, 0x1, 0xff, 0xc7,

    /* U+0055 "U" */
    0x4f, 0xd0, 0xf, 0xdf, 0xe2, 0x0, 0xff, 0xff,
    0x80, 0x7f, 0xf6, 0x5c, 0x3, 0xff, 0x80, 0x62,
    0x6, 0x1, 0xfe, 0x13, 0x1, 0x10, 0x7, 0x8c,
    0x2, 0x12, 0x6, 0x0, 0xf4, 0x82, 0x80, 0x2c,
    0x22, 0x2, 0x0, 0x29, 0x50, 0x90, 0x3, 0x30,
    0x1f, 0xbf, 0xda, 0xc1, 0x26, 0x1, 0x4d, 0xa8,
    0x80, 0x9, 0xb1, 0x80, 0x0,

    /* U+0056 "V" */
    0xbf, 0x80, 0xf, 0xec, 0xf5, 0xf0, 0x60, 0xf,
    0xc4, 0x62, 0xa8, 0x22, 0x40, 0xf, 0xa8, 0x1c,
    0x0, 0xc1, 0xa0, 0x1f, 0x28, 0x58, 0x2, 0x81,
    0xc0, 0x3c, 0x64, 0x64, 0x0, 0x23, 0x14, 0x0,
    0xea, 0xa, 0x0, 0xd4, 0x1c, 0x1, 0xcc, 0xc,
    0x1, 0x98, 0x14, 0x3, 0x28, 0x28, 0x7, 0x94,
    0x14, 0x2, 0xe0, 0xe0, 0xf, 0x70, 0x70, 0x0,
    0x50, 0x90, 0x3, 0xc8, 0x48, 0x20, 0xc1, 0x40,
    0x1f, 0xa8, 0x1c, 0x2c, 0x18, 0x3, 0xf3, 0x5,
    0x11, 0xa0, 0x80, 0x7e, 0x14, 0x3a, 0xe, 0x0,
    0xff, 0x70, 0x38, 0xa8, 0x7, 0xf9, 0x44, 0x18,
    0x3, 0xc0,

    /* U+0057 "W" */
    0x9f, 0x80, 0xf, 0x7f, 0xb4, 0x3, 0xd5, 0xed,
    0x80, 0x60, 0x1c, 0x60, 0x2, 0x10, 0xe, 0x40,
    0x74, 0x4, 0x0, 0xeb, 0x4, 0x7, 0x0, 0xc4,
    0x24, 0x22, 0x20, 0x30, 0xc, 0x81, 0x1, 0x80,
    0x19, 0x1, 0x0, 0xa, 0xa, 0x1, 0x9, 0xa1,
    0x82, 0x0, 0x6c, 0xd, 0x0, 0x60, 0x60, 0x4,
    0x81, 0x80, 0xa2, 0x60, 0x12, 0x2, 0x0, 0x10,
    0x10, 0x2, 0xc0, 0x50, 0xc0, 0x40, 0x1, 0x9,
    0x80, 0x63, 0x11, 0x0, 0x1c, 0x48, 0x10, 0x2c,
    0x0, 0x81, 0x60, 0x19, 0x1, 0x0, 0x85, 0x0,
    0x4, 0x43, 0x0, 0x78, 0x20, 0x6, 0xb0, 0xc0,
    0x40, 0xf0, 0x9, 0x1, 0x1, 0x4, 0xc0, 0x31,
    0x82, 0x86, 0x82, 0x0, 0x58, 0x18, 0x24, 0x80,
    0x1e, 0x43, 0x4, 0x31, 0x0, 0x94, 0x11, 0x1,
    0x80, 0x1e, 0xc0, 0x60, 0x40, 0xe, 0x32, 0xd0,
    0x40, 0xf, 0x20, 0x50, 0x60, 0x7, 0x58, 0xa9,
    0x10, 0x3, 0xc6, 0x26, 0x8, 0x1, 0xc8, 0x4,
    0x80, 0x1f, 0x90, 0x10, 0x3, 0xc6, 0x21, 0x80,
    0x18,

    /* U+0058 "X" */
    0xc, 0xfa, 0x0, 0xfa, 0x3e, 0xc0, 0x1c, 0xa,
    0xa0, 0xe, 0x47, 0x1a, 0x0, 0x14, 0x85, 0x88,
    0x4, 0x34, 0x14, 0x20, 0x13, 0x20, 0xd0, 0x5,
    0xa2, 0xe8, 0x1, 0xd4, 0x28, 0xe0, 0xe6, 0x68,
    0x0, 0xf0, 0xd8, 0x42, 0xc0, 0x70, 0x7, 0xe5,
    0x60, 0xa0, 0xa2, 0x0, 0xfe, 0x90, 0x1, 0xa8,
    0x7, 0xf9, 0x80, 0x6, 0x80, 0x1f, 0xc5, 0x20,
    0xa1, 0x42, 0x1, 0xfb, 0xc2, 0x28, 0x86, 0xc0,
    0x3e, 0x92, 0x37, 0xe, 0x5, 0x50, 0x7, 0x2b,
    0x7, 0x0, 0xe, 0x2, 0x88, 0x2, 0x2a, 0x9,
    0x20, 0x9, 0xcc, 0x38, 0x2, 0xe0, 0x46, 0x0,
    0xee, 0x3, 0x70, 0x83, 0x1a, 0x0, 0xf1, 0x48,
    0x41, 0x80,

    /* U+0059 "Y" */
    0x9f, 0xe1, 0x0, 0xf8, 0xff, 0xc7, 0x24, 0x30,
    0x1, 0xf7, 0x3, 0x98, 0x48, 0x32, 0x0, 0x74,
    0x11, 0x20, 0x0, 0x8c, 0x12, 0x1, 0x89, 0xc3,
    0xc0, 0x34, 0x89, 0x40, 0x5, 0xc1, 0x4, 0x1,
    0xd4, 0xe, 0x60, 0xc6, 0x67, 0x0, 0xf2, 0x30,
    0x78, 0xc8, 0x70, 0x7, 0xe8, 0x13, 0xc0, 0x92,
    0x0, 0xfc, 0x34, 0x4, 0x8c, 0x1, 0xfe, 0x42,
    0xf, 0x0, 0xff, 0xff, 0x80, 0x7f, 0xf2, 0x40,

    /* U+005A "Z" */
    0xb, 0xff, 0xff, 0x48, 0x8, 0x7, 0xff, 0x2,
    0xbf, 0xfe, 0x90, 0x5, 0x80, 0x7e, 0x49, 0xa,
    0x20, 0xf, 0x8a, 0x81, 0xd4, 0x3, 0xf7, 0x8a,
    0x40, 0x7, 0xea, 0x22, 0x58, 0x7, 0xe7, 0x50,
    0xf0, 0xf, 0xc9, 0x1, 0x64, 0x1, 0xf0, 0xd0,
    0x42, 0x0, 0x7e, 0xd1, 0x47, 0x0, 0xfd, 0x46,
    0x56, 0x1, 0xf9, 0x94, 0x3c, 0x3, 0xf1, 0xc8,
    0x59, 0x0, 0x7e, 0xa0, 0x5, 0x77, 0x7e, 0xc0,
    0x8, 0x47, 0xfc,

    /* U+005B "[" */
    0x8f, 0xfb, 0x0, 0x6, 0xa8, 0x0, 0xaa, 0x40,
    0x7, 0xff, 0xfc, 0x3, 0xea, 0xa4, 0x0, 0xd,
    0x50,

    /* U+005C "\\" */
    0xdb, 0x0, 0xe4, 0x40, 0x7, 0x60, 0x18, 0x6,
    0x40, 0x40, 0xc, 0x27, 0x60, 0x1c, 0x86, 0x1,
    0xd8, 0x8, 0x1, 0x90, 0x34, 0x3, 0x91, 0x0,
    0x1d, 0x84, 0x20, 0x19, 0x41, 0x0, 0x31, 0xf,
    0x80, 0x72, 0x20, 0x3, 0xb0, 0x48, 0x3, 0x38,
    0x28, 0x6, 0x12, 0xc0, 0xe, 0x44, 0x0,

    /* U+005D "]" */
    0xaf, 0xfa, 0xb1, 0x4c, 0x0, 0xd5, 0x20, 0x1f,
    0xff, 0xf0, 0xf, 0x9a, 0xa4, 0x1, 0x8a, 0x60,
    0x0,

    /* U+005E "^" */
    0x0, 0xdb, 0xe4, 0x1, 0xe3, 0x20, 0xb0, 0xf,
    0x48, 0x13, 0x0, 0x70, 0xaa, 0xac, 0x18, 0x3,
    0x48, 0x73, 0x5, 0x80, 0x66, 0x14, 0x6, 0x24,
    0x0, 0x30, 0xb0, 0x2, 0x83, 0xc0, 0x14, 0x14,
    0x0, 0x33, 0x20, 0x99, 0xc4, 0x1, 0x50, 0x48,

    /* U+005F "_" */
    0x1f, 0xff, 0xf8, 0x45, 0xbb, 0xff, 0x8,

    /* U+0060 "`" */
    0x1, 0x10, 0x5, 0x1d, 0x60, 0x9, 0x24, 0x30,
    0x7, 0x84, 0x80,

    /* U+0061 "a" */
    0x0, 0x9b, 0x3b, 0xfa, 0xcc, 0x3, 0x64, 0x92,
    0x29, 0xa6, 0x18, 0x1, 0xcd, 0x7a, 0xa9, 0xaa,
    0x14, 0x1, 0x24, 0x0, 0x6e, 0x2, 0x0, 0x3d,
    0x90, 0x4, 0x78, 0x1, 0xc2, 0xf7, 0xdf, 0x8e,
    0x1, 0x93, 0xa1, 0x54, 0xf5, 0x60, 0x1a, 0x82,
    0x3a, 0xe1, 0x40, 0x30, 0x88, 0x1c, 0x3, 0x60,
    0x4, 0x20, 0x3, 0x0, 0x95, 0xc1, 0xc0, 0xc,
    0x19, 0x54, 0xda, 0x60, 0x10, 0x4, 0xc1, 0x2a,
    0x35, 0xc9, 0x14,

    /* U+0062 "b" */
    0x8f, 0x60, 0xf, 0xff, 0x3, 0x6f, 0xf4, 0x88,
    0x6, 0xb9, 0x15, 0x36, 0xc1, 0x0, 0x8a, 0x32,
    0xb5, 0x4a, 0x0, 0x23, 0x70, 0xa, 0x1, 0x80,
    0x2a, 0x0, 0xc4, 0x60, 0x80, 0x2, 0x0, 0xe6,
    0x1, 0x0, 0xff, 0xe0, 0x88, 0x7, 0x30, 0x30,
    0x3, 0xc0, 0x31, 0x18, 0x18, 0x1, 0x58, 0x2,
    0x90, 0x70, 0x8, 0xe7, 0x2b, 0x91, 0x10, 0x1,
    0x44, 0x8a, 0x9c, 0x58, 0x0,

    /* U+0063 "c" */
    0x0, 0x97, 0x3f, 0xb1, 0x40, 0x34, 0xd1, 0xa2,
    0xe, 0xa4, 0x0, 0xac, 0x5d, 0x75, 0xc2, 0xc6,
    0x12, 0x10, 0x20, 0x1, 0x83, 0x60, 0x30, 0x50,
    0xc, 0xd8, 0xa2, 0x2, 0x1, 0xff, 0xc7, 0x10,
    0x10, 0xe, 0x16, 0x30, 0x30, 0x50, 0xc, 0x93,
    0x20, 0x90, 0x81, 0x0, 0xc, 0x4, 0x82, 0xb1,
    0x75, 0xdb, 0x89, 0x8c, 0x1, 0x32, 0x34, 0x41,
    0xd4, 0x80,

    /* U+0064 "d" */
    0x0, 0xfc, 0x9f, 0x60, 0x1f, 0xfd, 0x87, 0xdf,
    0xe8, 0x0, 0xeb, 0x83, 0x55, 0x3c, 0x80, 0x4e,
    0x87, 0xd5, 0x78, 0x40, 0x15, 0x4, 0x0, 0x46,
    0xc0, 0x1, 0x21, 0x40, 0xd, 0xa0, 0x3, 0x3,
    0x0, 0xe6, 0x0, 0xc2, 0x1, 0xc6, 0x0, 0x30,
    0x20, 0xe, 0x20, 0x0, 0x98, 0xa0, 0x6, 0x40,
    0xa, 0x42, 0x44, 0x0, 0x70, 0x1, 0x2b, 0x17,
    0x5d, 0xb1, 0x0, 0x34, 0xc8, 0x91, 0x5e, 0x40,
    0x0,

    /* U+0065 "e" */
    0x0, 0x96, 0xff, 0xd8, 0xe0, 0x1d, 0x14, 0x86,
    0x85, 0x18, 0x1, 0x23, 0x8e, 0x62, 0xf9, 0x4e,
    0x0, 0x1e, 0x10, 0x60, 0x15, 0xb, 0x80, 0x10,
    0x1c, 0x3, 0x90, 0xc, 0x40, 0x1d, 0xff, 0xca,
    0xc, 0x1, 0x2a, 0xfe, 0x61, 0x0, 0x55, 0x7e,
    0x30, 0x30, 0x50, 0xe, 0xcc, 0x8, 0x48, 0x59,
    0x80, 0x50, 0x60, 0x20, 0xac, 0x39, 0x8a, 0xd7,
    0x1e, 0x0, 0xa6, 0x90, 0x94, 0x1b, 0xc8, 0x0,

    /* U+0066 "f" */
    0x0, 0x1e, 0x7f, 0xa8, 0x1, 0xa6, 0x4, 0x40,
    0x0, 0x87, 0x6c, 0x0, 0x81, 0x8, 0x3, 0x78,
    0xb, 0xfc, 0x14, 0xc0, 0x2e, 0xe0, 0x78, 0x3,
    0x88, 0x0, 0x7f, 0xfd, 0x0,

    /* U+0067 "g" */
    0x0, 0x9f, 0x7f, 0xa0, 0x3f, 0x40, 0x17, 0x6,
    0xaa, 0x7c, 0x0, 0x99, 0xf, 0xea, 0xf0, 0xc0,
    0x2b, 0x8, 0x10, 0x1, 0xb8, 0x0, 0x48, 0x50,
    0x3, 0x50, 0x0, 0x80, 0x80, 0x38, 0x80, 0x3f,
    0xf8, 0x24, 0x4, 0x1, 0xc4, 0x0, 0x12, 0x12,
    0x0, 0xca, 0x1, 0x58, 0x70, 0x80, 0xe, 0x40,
    0x26, 0x43, 0xfa, 0xbc, 0x30, 0x10, 0x5, 0xc1,
    0xaa, 0x9f, 0x80, 0x39, 0xf7, 0xfa, 0x1c, 0x1c,
    0x2e, 0xc2, 0x1, 0x8c, 0xc, 0x5, 0x18, 0x2,
    0x29, 0xb, 0x8, 0x8, 0xca, 0xbd, 0x17, 0x30,
    0x2d, 0x61, 0x55, 0x25, 0xc0, 0x0,

    /* U+0068 "h" */
    0x8f, 0x60, 0xf, 0xfe, 0xe2, 0xe7, 0xf5, 0x10,
    0x5, 0x54, 0x23, 0x5, 0xd2, 0x0, 0x1c, 0x76,
    0x71, 0x85, 0x0, 0x11, 0xc0, 0x28, 0x3, 0x0,
    0x60, 0x6, 0x60, 0x70, 0x0, 0x80, 0x7f, 0xfd,
    0xc0,

    /* U+0069 "i" */
    0x8f, 0x60, 0xa, 0xad, 0xc9, 0x6, 0x3d, 0x80,
    0x3f, 0xfa, 0xa0,

    /* U+006A "j" */
    0x0, 0x47, 0xb0, 0x7, 0xd5, 0x6e, 0x0, 0x24,
    0x10, 0x4, 0x7b, 0x0, 0x7f, 0xfd, 0xcc, 0xa,
    0x71, 0x1, 0x14, 0xca, 0xc0,

    /* U+006B "k" */
    0x8f, 0x60, 0xf, 0xfe, 0xfc, 0x7e, 0x88, 0x7,
    0x3b, 0x87, 0x4, 0x3, 0x34, 0xe, 0x8, 0x6,
    0x59, 0x1c, 0x20, 0xd, 0x94, 0x14, 0x40, 0x1c,
    0xa0, 0x8, 0x0, 0xf0, 0xe1, 0x1b, 0x0, 0x74,
    0x1f, 0x4, 0x88, 0x7, 0x8d, 0x82, 0x80, 0x3e,
    0x81, 0x45, 0x0, 0xf0, 0xc0, 0x58, 0x80, 0x79,
    0x8c, 0x60,

    /* U+006C "l" */
    0x8f, 0x60, 0xf, 0xff, 0x8,

    /* U+006D "m" */
    0x9f, 0x26, 0xdf, 0xe8, 0x0, 0x47, 0x7e, 0xa8,
    0x5, 0x12, 0x6, 0x2f, 0x16, 0xe4, 0x55, 0x20,
    0x1, 0x6b, 0x73, 0x0, 0xeb, 0x98, 0xd8, 0xf,
    0x0, 0x22, 0x80, 0xc, 0x42, 0xc, 0x0, 0xc0,
    0xc0, 0xc, 0x0, 0xc4, 0xa, 0x1, 0x8, 0x18,
    0x0, 0x40, 0x3c, 0x20, 0x1f, 0x8c, 0x3, 0xff,
    0xfe, 0x1, 0xff, 0xc6,

    /* U+006E "n" */
    0x8f, 0x34, 0xcf, 0xea, 0x20, 0xa, 0xac, 0x8c,
    0x17, 0x48, 0x0, 0xd1, 0xd9, 0xc8, 0x16, 0x0,
    0x47, 0x0, 0xbc, 0x8, 0x1, 0x80, 0x19, 0x81,
    0xc0, 0x2, 0x1, 0xff, 0xf7,

    /* U+006F "o" */
    0x0, 0x97, 0x3f, 0xda, 0xe0, 0x1d, 0x54, 0x34,
    0x53, 0x8c, 0x10, 0x3, 0x29, 0x75, 0xd7, 0x21,
    0xd8, 0x2, 0xc3, 0x84, 0x2, 0xb0, 0x51, 0x11,
    0x9, 0x80, 0x72, 0x82, 0x18, 0x10, 0x7, 0x88,
    0x8, 0x40, 0x3f, 0x8, 0x9, 0x1, 0x0, 0x78,
    0x80, 0xc4, 0x84, 0xc0, 0x30, 0xa0, 0x20, 0x58,
    0x71, 0x0, 0x54, 0xa, 0x20, 0xca, 0x5b, 0x75,
    0xc8, 0x76, 0x1, 0x55, 0xd, 0x14, 0xa7, 0x4,
    0x0,

    /* U+0070 "p" */
    0x8f, 0x46, 0xdf, 0xe9, 0x10, 0xd, 0xf2, 0xcc,
    0x36, 0xc1, 0x0, 0x92, 0x6e, 0x75, 0x4a, 0x0,
    0x23, 0x60, 0xa, 0xc1, 0x80, 0x2a, 0x0, 0xc2,
    0x80, 0x80, 0x2, 0x0, 0xe1, 0x1, 0x0, 0xfc,
    0x60, 0x18, 0x40, 0x38, 0x81, 0x80, 0x1e, 0x1,
    0x85, 0x0, 0xc0, 0xa, 0xa0, 0xa, 0x81, 0xc0,
    0x22, 0xac, 0xae, 0x43, 0x80, 0xa, 0xe4, 0x54,
    0xe3, 0x0, 0x39, 0xb7, 0xf5, 0xc0, 0x3f, 0xfc,
    0x60,

    /* U+0071 "q" */
    0x0, 0x9f, 0x7f, 0xa0, 0x3e, 0xc0, 0x17, 0x6,
    0xc8, 0xf6, 0x1, 0x32, 0x1f, 0x4d, 0x62, 0x0,
    0x54, 0x10, 0x1, 0x1b, 0x0, 0x46, 0x8, 0x1,
    0xa8, 0x0, 0x40, 0x40, 0x1c, 0x40, 0x3, 0x0,
    0xf8, 0x40, 0x2, 0x4, 0x1, 0xc4, 0x1, 0x20,
    0x20, 0x6, 0x40, 0xb, 0xc2, 0x44, 0x0, 0x50,
    0x1, 0x23, 0x17, 0x5d, 0xb4, 0xc0, 0x34, 0xd1,
    0xa2, 0xb7, 0x0, 0x72, 0xe7, 0xf4, 0x80, 0x7f,
    0xf8, 0xc0,

    /* U+0072 "r" */
    0x9f, 0x29, 0xfd, 0x40, 0x4, 0x30, 0x10, 0x4,
    0xb1, 0xd6, 0x80, 0x4, 0x71, 0x40, 0xb, 0x0,
    0x3c, 0x40, 0x1f, 0xfe, 0x20,

    /* U+0073 "s" */
    0x0, 0x25, 0xf7, 0xec, 0x88, 0x4, 0xd6, 0x8a,
    0xa0, 0x6f, 0x10, 0x4, 0x6, 0xdd, 0x6b, 0xb,
    0x0, 0x4, 0x8, 0x2, 0x89, 0x40, 0x2, 0x6,
    0xc1, 0x80, 0xb1, 0x80, 0x28, 0xc9, 0xf3, 0xa8,
    0xc0, 0x21, 0xcc, 0x39, 0x8a, 0xe3, 0x80, 0x63,
    0x8c, 0xe8, 0x8, 0x2, 0xdb, 0x0, 0x85, 0xc4,
    0x4, 0x8d, 0x14, 0x2, 0x41, 0x18, 0x2c, 0x2b,
    0x2b, 0x2c, 0x2c, 0x0, 0xb8, 0xa4, 0xa4, 0x98,
    0xa0,

    /* U+0074 "t" */
    0x0, 0xfc, 0xb4, 0x1, 0x1d, 0x8, 0x7, 0xff,
    0xa, 0xb0, 0x13, 0xeb, 0xd4, 0x9, 0xfd, 0x64,
    0x1a, 0x14, 0x3, 0xff, 0xb2, 0x20, 0xc0, 0x11,
    0x1, 0x75, 0x0, 0x28, 0x85, 0x80,

    /* U+0075 "u" */
    0x8f, 0x60, 0xc, 0x7f, 0x60, 0x1f, 0xff, 0x76,
    0x0, 0x78, 0x70, 0x6, 0xc0, 0x1, 0x83, 0x8,
    0x1, 0x58, 0x0, 0x84, 0x3d, 0x9d, 0x4e, 0x1,
    0x63, 0x9, 0x9a, 0x60, 0x0,

    /* U+0076 "v" */
    0x8f, 0x70, 0xe, 0x6f, 0x8a, 0xa, 0x0, 0xea,
    0xb, 0x23, 0x22, 0x0, 0x42, 0x64, 0x61, 0x61,
    0x40, 0x13, 0x5, 0x0, 0x18, 0x14, 0x2, 0xb0,
    0x60, 0x0, 0xa1, 0x18, 0x11, 0x98, 0x40, 0x2e,
    0xb, 0x5, 0xa, 0x0, 0xca, 0xa, 0x14, 0xe,
    0x1, 0xca, 0x4a, 0x4a, 0x20, 0x1d, 0xc1, 0x61,
    0xe0, 0x1e, 0x41, 0x19, 0x40, 0x3e, 0x60, 0x70,
    0xc,

    /* U+0077 "w" */
    0xbf, 0x30, 0x8, 0x7f, 0xc2, 0x1, 0x27, 0xce,
    0x2, 0x0, 0x4e, 0x0, 0x40, 0xb, 0x3, 0x14,
    0x2c, 0x2, 0xc0, 0x6, 0x0, 0x4a, 0xa, 0x44,
    0x30, 0x9, 0xc, 0x10, 0x0, 0x24, 0x80, 0x4,
    0x4, 0x2, 0x14, 0x41, 0x8, 0x38, 0x68, 0x3,
    0x43, 0x1, 0x3, 0x30, 0x8, 0x18, 0x8, 0x0,
    0x40, 0x40, 0xc0, 0x44, 0x6, 0x2, 0x11, 0x0,
    0x24, 0x31, 0x43, 0x3, 0x4, 0x31, 0x50, 0xd,
    0xa0, 0xc2, 0x80, 0x4, 0x2a, 0xb, 0x0, 0xce,
    0x10, 0x18, 0x0, 0xc0, 0x61, 0x30, 0xc, 0x24,
    0x0, 0x40, 0x2, 0x0, 0x10, 0x3, 0xca, 0x6,
    0x1, 0x18, 0x87, 0x80, 0x40,

    /* U+0078 "x" */
    0x3f, 0xf1, 0x80, 0x45, 0xfe, 0x33, 0x38, 0x78,
    0x5, 0xc1, 0x6, 0x10, 0x46, 0xe0, 0xe6, 0x67,
    0x0, 0xb8, 0x21, 0x20, 0x38, 0x3, 0x1b, 0x85,
    0x84, 0x90, 0x7, 0x41, 0x1, 0xb0, 0x7, 0x8c,
    0x80, 0xcc, 0x1, 0xee, 0x5, 0xe, 0x0, 0xe8,
    0x24, 0xa4, 0x28, 0x0, 0x8d, 0xc2, 0x82, 0x41,
    0xcc, 0x1, 0xc1, 0x2, 0x5, 0x1, 0xc1, 0x4,
    0x6e, 0x1, 0x39, 0x12, 0x0,

    /* U+0079 "y" */
    0x7f, 0x90, 0xe, 0x5f, 0xa6, 0x7, 0x0, 0xef,
    0xe, 0x13, 0x14, 0x0, 0xca, 0x28, 0x14, 0x1a,
    0x1, 0x28, 0x38, 0x1, 0xc1, 0xc0, 0x2f, 0xa,
    0x0, 0xa, 0x8a, 0x0, 0x14, 0x4c, 0x2, 0xf0,
    0xe0, 0x50, 0x60, 0xc, 0xa0, 0xa1, 0xc1, 0x40,
    0x1c, 0xc0, 0x88, 0x22, 0x0, 0x76, 0x84, 0x5,
    0x0, 0x79, 0x4, 0xc1, 0x80, 0x3e, 0x60, 0x31,
    0x0, 0xfb, 0xc2, 0x80, 0x3f, 0x58, 0x38, 0x7,
    0xcc, 0x6a, 0x20, 0x1d, 0x9f, 0x21, 0x0, 0x1e,
    0x50, 0x2b, 0x20, 0xe,

    /* U+007A "z" */
    0x2f, 0xff, 0xe3, 0x33, 0x37, 0x8c, 0x4, 0x86,
    0x67, 0xa0, 0x83, 0x44, 0x3, 0xd8, 0x32, 0x60,
    0x1e, 0xa2, 0x66, 0x0, 0x7a, 0x14, 0xe4, 0x3,
    0xca, 0xe3, 0xa0, 0x1e, 0x3a, 0xd, 0x10, 0xe,
    0x1d, 0x9, 0x30, 0xf, 0x68, 0xb3, 0x0, 0x3c,
    0xe6, 0x5, 0x77, 0xe5, 0xe0, 0x2, 0x27, 0xda,

    /* U+007B "{" */
    0x0, 0x8a, 0xfb, 0x40, 0x29, 0x40, 0x40, 0x9,
    0xb, 0xa4, 0x0, 0x20, 0xe0, 0x18, 0xc0, 0x3f,
    0x18, 0x6, 0x10, 0xf, 0x30, 0x70, 0x6, 0x90,
    0x50, 0x2, 0xf9, 0xd1, 0x0, 0xc, 0x9, 0xc0,
    0x26, 0xc3, 0xc0, 0xc, 0x70, 0x2a, 0x1, 0x94,
    0x34, 0x3, 0x8, 0x8, 0x7, 0x8c, 0x3, 0xfe,
    0x30, 0xf, 0x8, 0x38, 0x7, 0x29, 0x6c, 0x80,
    0x56, 0x86, 0x80,

    /* U+007C "|" */
    0xfb, 0x0, 0xff, 0xee, 0x0,

    /* U+007D "}" */
    0x7f, 0xd5, 0x0, 0x88, 0xca, 0x84, 0x0, 0xb8,
    0xe0, 0xe0, 0x1b, 0x40, 0x40, 0x30, 0x87, 0x80,
    0x7f, 0xf1, 0x94, 0xc, 0x3, 0x9, 0xa1, 0x80,
    0x6e, 0x2c, 0xa0, 0x8, 0x90, 0x4, 0x2, 0x96,
    0x9b, 0x0, 0x98, 0xd8, 0x2, 0x30, 0x50, 0xc,
    0xe0, 0x20, 0x1f, 0xfc, 0x1f, 0x0, 0xc2, 0x1,
    0xed, 0x2, 0x0, 0x2e, 0x38, 0x20, 0x0, 0x8c,
    0xac, 0x40, 0x0,

    /* U+007E "~" */
    0x0, 0xff, 0xe0, 0x8d, 0x7f, 0x49, 0x0, 0x66,
    0xc, 0x50, 0x16, 0xda, 0x32, 0x98, 0x2, 0x7d,
    0xb5, 0x5, 0xcd, 0x65, 0x9, 0x82, 0x4a, 0xd5,
    0x11, 0x35, 0x83, 0x0, 0x62, 0xae, 0xe4, 0x80,

    /* U+2022 "•" */
    0x2, 0x87, 0x10, 0x4d, 0x78, 0xc0, 0xf0, 0x8,
    0x9d, 0x80, 0x37, 0xa8, 0x6, 0xb8, 0x61, 0x2a,
    0x30,

    /* U+2026 "…" */
    0x14, 0x30, 0xe, 0x44, 0x0, 0x71, 0xa0, 0xbd,
    0xf8, 0x6, 0x1b, 0xb0, 0x80, 0x6f, 0xb7, 0x0,
    0xff, 0xe3, 0x0,

    /* U+3002 "。" */
    0x0, 0x84, 0x40, 0x18, 0x6f, 0xb9, 0x82, 0x0,
    0xa6, 0xbb, 0xe, 0x80, 0x12, 0x11, 0x1c, 0x62,
    0x0, 0x30, 0x3, 0x80, 0x4d, 0xe, 0xea, 0x41,
    0x9, 0x69, 0x93, 0xd8, 0x0,

    /* U+4F59 "余" */
    0x0, 0xff, 0x40, 0x7, 0xff, 0x1f, 0x1d, 0xc0,
    0x1f, 0xfc, 0x5b, 0x30, 0x92, 0x0, 0xff, 0xe1,
    0x16, 0xa2, 0xd0, 0xe1, 0x80, 0x7f, 0xf0, 0x13,
    0x9, 0xa9, 0x68, 0x71, 0x80, 0x3f, 0x86, 0x6c,
    0x66, 0x40, 0x5, 0xc1, 0x9c, 0x30, 0xf, 0x3f,
    0xb2, 0x6b, 0x0, 0x63, 0xf5, 0x3c, 0xb4, 0x0,
    0x1f, 0x40, 0x51, 0x6f, 0xff, 0xb9, 0x5c, 0xd2,
    0xec, 0x6, 0x53, 0xcb, 0x8c, 0xd1, 0x2, 0xb3,
    0x55, 0x98, 0x5f, 0x0, 0x63, 0x0, 0x16, 0x66,
    0x50, 0x99, 0xc4, 0x7, 0x48, 0x1, 0xff, 0xcc,
    0x7f, 0xff, 0x38, 0x67, 0xff, 0x70, 0x7, 0x12,
    0xaf, 0x88, 0x11, 0x57, 0x9c, 0x3, 0x96, 0xaa,
    0xfa, 0xa2, 0x84, 0x56, 0x4d, 0x52, 0x40, 0x3f,
    0x55, 0x18, 0x3, 0x14, 0xe5, 0x90, 0x7, 0xc3,
    0x8a, 0xcc, 0x0, 0xc5, 0xce, 0x9a, 0xe0, 0x1c,
    0xfc, 0x71, 0x20, 0x1e, 0x18, 0xd2, 0x89, 0x0,
    0xb6, 0xb, 0x1c, 0x2, 0x10, 0xe, 0x2d, 0x46,
    0x70, 0x5, 0xce, 0x98, 0x1d, 0xd9, 0x80, 0x40,
    0x3a, 0xe1, 0xc0, 0xc, 0xc0, 0x8, 0xd1, 0x2,
    0xe4, 0x1, 0xe7, 0x0, 0xfe, 0xff, 0x74, 0x0,
    0x7f, 0x80,

    /* U+5173 "关" */
    0x0, 0xff, 0xe7, 0x56, 0x88, 0x7, 0x2f, 0x20,
    0x7, 0xfb, 0x8a, 0x80, 0x3a, 0x45, 0x40, 0x3f,
    0xc8, 0xe8, 0xa0, 0x11, 0x99, 0xc4, 0x3, 0xfe,
    0x81, 0xb0, 0xb, 0xc6, 0x0, 0x3f, 0x24, 0xce,
    0x21, 0xb9, 0xa3, 0x29, 0x9c, 0xc0, 0x18, 0xd9,
    0xb1, 0x82, 0x32, 0x81, 0xb3, 0x6c, 0x0, 0xcf,
    0xff, 0xe8, 0xc, 0xff, 0xf5, 0x0, 0x7f, 0xf5,
    0x84, 0x3, 0xff, 0x8d, 0xe0, 0x1f, 0xfc, 0xc,
    0xff, 0xf9, 0xc3, 0x7f, 0xff, 0x0, 0x29, 0xdf,
    0xcc, 0x2, 0x20, 0x67, 0x7f, 0x0, 0x1a, 0x23,
    0xde, 0x13, 0x20, 0xe8, 0x8f, 0x0, 0x7e, 0x18,
    0x17, 0x70, 0xc8, 0x80, 0x7f, 0xf0, 0x7, 0x6,
    0x80, 0x10, 0x3a, 0x1, 0xff, 0x1e, 0x14, 0x20,
    0x1, 0x90, 0xec, 0x3, 0xf9, 0xf0, 0xa1, 0xc0,
    0x35, 0x9a, 0x69, 0x0, 0x73, 0x6c, 0xd, 0xb8,
    0x7, 0xb1, 0x8b, 0x60, 0x40, 0x1b, 0x24, 0xde,
    0x80, 0x1f, 0xa6, 0x89, 0xf0, 0x1, 0xf3, 0xd2,
    0x20, 0x1f, 0xe5, 0xda, 0xf0,

    /* U+5206 "分" */
    0x0, 0xff, 0xe7, 0x4b, 0x0, 0x6a, 0xe0, 0xf,
    0xf8, 0x9b, 0x40, 0x31, 0x89, 0x80, 0x7f, 0xb8,
    0x20, 0x3, 0x58, 0x48, 0x7, 0xf4, 0x1b, 0x18,
    0x6, 0x25, 0x58, 0x3, 0xe7, 0x71, 0x48, 0x7,
    0xac, 0x69, 0x40, 0x3a, 0x20, 0x58, 0x1, 0xf0,
    0xe0, 0xd3, 0x80, 0x7, 0x1c, 0xbc, 0x40, 0x3f,
    0x16, 0x94, 0x6a, 0x19, 0x26, 0xc7, 0xff, 0xfa,
    0x35, 0x89, 0x4b, 0xec, 0x3d, 0x9a, 0x1, 0x66,
    0xc0, 0x21, 0x3c, 0x20, 0x20, 0x5, 0x99, 0x40,
    0x24, 0xcd, 0x60, 0x18, 0x40, 0x3f, 0x20, 0x60,
    0x4, 0x20, 0x40, 0x1f, 0xf7, 0x3, 0x80, 0x4e,
    0x1e, 0x1, 0xfe, 0x24, 0x40, 0x80, 0x44, 0x4,
    0x1, 0xfe, 0xe0, 0x80, 0xd, 0xc0, 0xc0, 0x1f,
    0xd2, 0x6c, 0x60, 0x18, 0xc0, 0x80, 0x3e, 0x1a,
    0x64, 0x94, 0x62, 0x2, 0x42, 0x10, 0xe, 0x28,
    0xf5, 0x6b, 0x7, 0x9d, 0xfd, 0xa, 0x0, 0xf7,
    0xb9, 0xdc, 0x80, 0xe, 0x9d, 0x52, 0x1c, 0x3,
    0xdf, 0x7a, 0x80, 0x19, 0x62, 0xad, 0xc0, 0x3c,

    /* U+5269 "剩" */
    0x0, 0xfe, 0x15, 0xa3, 0x0, 0xcd, 0x40, 0x5,
    0x5c, 0xd1, 0x5b, 0xd4, 0xb2, 0x1, 0xbd, 0x44,
    0x22, 0xaa, 0x97, 0x52, 0x37, 0xca, 0x0, 0xfd,
    0xd5, 0x4b, 0xb0, 0x97, 0xe4, 0x18, 0x2, 0x7c,
    0x3, 0x15, 0x66, 0x37, 0x40, 0x73, 0x3c, 0xc0,
    0x1e, 0x66, 0xf0, 0x89, 0x9b, 0xb4, 0x3, 0xc9,
    0xfe, 0xb8, 0xe2, 0x26, 0x3e, 0x7f, 0x58, 0x7,
    0xf6, 0xc0, 0x80, 0x1d, 0xcc, 0xcc, 0x10, 0xf,
    0x16, 0xe9, 0x80, 0x3d, 0x72, 0x6, 0x1, 0xf0,
    0x8c, 0x1, 0xf4, 0x52, 0x80, 0x78, 0xb3, 0x94,
    0x3, 0xd0, 0xf7, 0x80, 0x1e, 0x5c, 0xd4, 0x0,
    0x18, 0x30, 0x4f, 0x9e, 0x80, 0x78, 0x45, 0xc,
    0x50, 0x20, 0x56, 0xee, 0xa6, 0x0, 0xf2, 0x6b,
    0xcc, 0x9c, 0x0, 0xb1, 0x90, 0xa0, 0x1f, 0xe4,
    0xb2, 0x10, 0x11, 0x5d, 0x0, 0x7f, 0x9e, 0xcb,
    0xcc, 0x13, 0x5d, 0x74, 0x78, 0xc0, 0x31, 0x64,
    0x26, 0x10, 0x6, 0x88, 0x14, 0x3e, 0x0, 0x68,
    0x38, 0xb1, 0x0, 0xf3, 0xcc, 0x80, 0x23, 0x0,
    0x5e, 0xb8, 0x7, 0xf3, 0x1, 0x66, 0x14, 0x4,
    0x44, 0x1, 0xff, 0xc0, 0x21, 0x21, 0x90,

    /* U+526F "副" */
    0x0, 0xff, 0xe2, 0xad, 0x1, 0x33, 0x7f, 0xf0,
    0x40, 0x2c, 0x51, 0x79, 0x9f, 0xfe, 0x8, 0x7,
    0x9e, 0x23, 0xff, 0x82, 0x1, 0xe2, 0x77, 0x19,
    0xfe, 0x47, 0x7a, 0x40, 0x3c, 0x77, 0x7f, 0xbc,
    0x1, 0x8c, 0x1, 0xf9, 0x2a, 0xb8, 0x40, 0x3f,
    0xf8, 0x22, 0xcd, 0xc0, 0x1f, 0xfc, 0x25, 0xcc,
    0xe1, 0x0, 0xff, 0x8a, 0x67, 0xf4, 0x0, 0x7f,
    0x9c, 0x3, 0xf1, 0x20, 0x7, 0xf4, 0xcf, 0xfb,
    0xc0, 0x3f, 0xc9, 0x98, 0x60, 0xac, 0xc0, 0x7,
    0xff, 0x0, 0x4c, 0xdc, 0xe, 0x66, 0x0, 0xff,
    0xe0, 0x2f, 0xfa, 0x3, 0x7f, 0xc0, 0x1f, 0xfc,
    0x1, 0x55, 0x18, 0x22, 0xa8, 0x2, 0x11, 0x0,
    0x7c, 0xb5, 0x4b, 0x8, 0xaa, 0x0, 0x55, 0xc0,
    0x1f, 0x34, 0x42, 0xc2, 0x62, 0x0, 0x1f, 0xfc,
    0x2, 0x77, 0x18, 0x2b, 0xb8, 0x2, 0x6a, 0xa3,
    0x0, 0x80, 0x4b, 0xff, 0xf0, 0x4, 0xab, 0xc,
    0x0, 0x5b, 0x60, 0x1f, 0x7d, 0x81, 0xff, 0xb9,
    0xc0,

    /* U+540C "同" */
    0x58, 0x8f, 0xfe, 0x20, 0x7b, 0xbf, 0xff, 0x10,
    0x40, 0x1b, 0xdd, 0xff, 0xc0, 0x50, 0xc, 0x62,
    0x3f, 0xfc, 0x0, 0xf, 0x3c, 0x47, 0xf9, 0x40,
    0x3d, 0x2e, 0xff, 0xef, 0x0, 0xf7, 0xf7, 0x7f,
    0xa8, 0x3, 0xc2, 0x3f, 0xf0, 0x7, 0xf0, 0x8f,
    0xc0, 0x1f, 0xe8, 0xee, 0xfc, 0x1, 0xff, 0x33,
    0xbe, 0x10, 0xf, 0xfe, 0x5, 0x44, 0x62, 0x0,
    0xff, 0xe9, 0x88, 0xe0, 0xf, 0xfe, 0xe, 0x77,
    0x63, 0x0, 0xff, 0x63, 0xbf, 0xd2, 0x1, 0xfc,
    0x91, 0x1f, 0x38, 0x1, 0x80, 0x40, 0x3f, 0xf8,
    0x17, 0xbc, 0x62, 0x1, 0xff, 0xc1, 0x32, 0x12,
    0xb0,

    /* U+540D "名" */
    0x0, 0xfe, 0x10, 0xf, 0xfe, 0x2d, 0x71, 0x0,
    0x7f, 0xf0, 0xa5, 0x14, 0x80, 0x3f, 0xf8, 0x34,
    0xc0, 0xa, 0xaf, 0x8, 0x7, 0x1e, 0x28, 0x1,
    0x15, 0x7c, 0x1, 0x86, 0x70, 0xdb, 0xff, 0xce,
    0xa, 0x20, 0x75, 0xcc, 0x37, 0x42, 0x1, 0xa5,
    0xce, 0x80, 0x16, 0xa5, 0x3c, 0x19, 0xca, 0x5,
    0x8c, 0x7a, 0x1, 0x46, 0xe9, 0x81, 0x30, 0xaa,
    0xf4, 0xdf, 0x4, 0x3, 0x10, 0x6, 0x66, 0x2,
    0x1e, 0x40, 0x7, 0xc6, 0xf7, 0xf4, 0x8b, 0x98,
    0x30, 0xe, 0x6c, 0xfc, 0x84, 0x0, 0x29, 0xd4,
    0xcf, 0x81, 0xc0, 0xde, 0xd4, 0x0, 0xac, 0xdf,
    0x80, 0x73, 0x10, 0x86, 0x1d, 0xff, 0xf2, 0x80,
    0x7f, 0xfc, 0xe2, 0x67, 0xe7, 0x0, 0xfe, 0x66,
    0xfc, 0x40, 0x1f, 0xdd, 0xff, 0xf2, 0x80, 0x0,

    /* U+540E "后" */
    0x0, 0xff, 0xe2, 0xa, 0x98, 0x7, 0xff, 0xc,
    0xde, 0xfa, 0xb4, 0x40, 0x3c, 0x24, 0x6a, 0xf3,
    0x9f, 0x90, 0x85, 0x3e, 0x20, 0x18, 0x7f, 0xb7,
    0x2a, 0x18, 0xc5, 0x67, 0xb5, 0x84, 0x3, 0xe2,
    0x67, 0x8a, 0xcf, 0xea, 0x61, 0x0, 0xff, 0x24,
    0xc3, 0xa9, 0x80, 0x7f, 0xf0, 0xd2, 0x67, 0xff,
    0x84, 0x60, 0x1c, 0x4c, 0xdf, 0xfc, 0x25, 0x0,
    0xe5, 0xff, 0xff, 0xe1, 0x30, 0x7, 0x18, 0x7,
    0xff, 0x7e, 0x7f, 0xff, 0xd2, 0x1, 0xff, 0x33,
    0x7e, 0x0, 0xf8, 0xc3, 0x80, 0x28, 0x99, 0xf4,
    0x0, 0x7c, 0xe0, 0x40, 0x1f, 0xfc, 0x6e, 0x5,
    0x0, 0xff, 0xe2, 0x9a, 0x30, 0x7, 0xff, 0x1b,
    0xc2, 0xc0, 0x37, 0x7f, 0xfb, 0x80, 0x3a, 0x4e,
    0x8, 0x3, 0x2a, 0xfe, 0x0, 0xef, 0x57, 0x0,
    0xeb, 0xaa, 0xf5, 0x80, 0x60,

    /* U+542F "启" */
    0x0, 0xfd, 0x34, 0x20, 0x1f, 0xfc, 0x21, 0x5,
    0xf4, 0x0, 0xff, 0xe0, 0x8c, 0xe0, 0xf8, 0x7,
    0xf7, 0x7f, 0xf6, 0x2, 0x7f, 0xf3, 0x80, 0x42,
    0x25, 0x5f, 0xf2, 0x0, 0x79, 0x6a, 0xbf, 0xd0,
    0x1, 0xff, 0xcc, 0x68, 0x8f, 0xf4, 0x80, 0x78,
    0x9d, 0xff, 0xca, 0x1, 0xe3, 0xee, 0xff, 0xe0,
    0x38, 0x6, 0x71, 0x1f, 0xfe, 0x0, 0x7, 0x8e,
    0x23, 0xfe, 0x0, 0xe1, 0x47, 0x7f, 0xf8, 0x40,
    0x2, 0x4, 0x0, 0xcf, 0xff, 0x98, 0x3, 0x28,
    0x68, 0x7, 0xff, 0xf, 0x41, 0x0, 0x3f, 0xf8,
    0x42, 0xc6, 0x20, 0x1f, 0xfc, 0x2a, 0x8, 0x0,
    0xb3, 0xff, 0xe6, 0x0, 0x42, 0x32, 0x0, 0x48,
    0xab, 0xf1, 0x0, 0x34, 0xe4, 0x3, 0x45, 0x57,
    0xc8, 0x0, 0x5c, 0x0, 0x9f, 0xcc, 0x3, 0xe9,
    0xf1,

    /* U+5468 "周" */
    0x0, 0xff, 0xe5, 0xbf, 0xff, 0xff, 0xc, 0x40,
    0x39, 0x5d, 0xff, 0xe2, 0x0, 0xfa, 0x62, 0x37,
    0x3d, 0xc4, 0x64, 0x0, 0xfc, 0x91, 0x16, 0x84,
    0xc4, 0x44, 0x1, 0xfd, 0x8e, 0xf2, 0x2, 0xbb,
    0xe0, 0xf, 0xe8, 0xff, 0xa0, 0x2f, 0xfe, 0x50,
    0xf, 0xfe, 0x80, 0xff, 0xe8, 0xb, 0xff, 0xa8,
    0x3, 0xf9, 0x9b, 0xfd, 0x80, 0x1e, 0xf0, 0x39,
    0x9f, 0xf3, 0x0, 0x78, 0x40, 0x2f, 0xff, 0xd6,
    0x1, 0xf1, 0x0, 0x80, 0x9, 0x9b, 0x80, 0x3f,
    0x94, 0x40, 0x27, 0x99, 0xe0, 0xf, 0xc2, 0x25,
    0x0, 0xff, 0xe2, 0xc8, 0x68, 0x4, 0xbf, 0xfc,
    0x1, 0xf0, 0xb0, 0x38, 0x1, 0xdf, 0xf6, 0x80,
    0x75, 0x8c, 0x8, 0x2, 0x23, 0xea, 0xca, 0x70,
    0x11, 0x39, 0xb8, 0x7, 0xf8, 0x91, 0x42, 0x80,
    0x77, 0x40, 0x1f, 0xfc, 0xe, 0xfe, 0x50,

    /* U+5728 "在" */
    0x0, 0xfc, 0x40, 0x1f, 0xfc, 0x8f, 0xf0, 0x7,
    0xff, 0x18, 0x88, 0xa0, 0x1f, 0xfc, 0x6a, 0xc,
    0x0, 0xff, 0xe0, 0xf7, 0xfe, 0x70, 0x9f, 0xff,
    0xe9, 0x0, 0x99, 0xb1, 0x81, 0xb3, 0x7f, 0xb0,
    0x2, 0x89, 0x98, 0x83, 0x66, 0x6b, 0xd9, 0x9e,
    0x50, 0xf, 0x40, 0xc0, 0x80, 0x55, 0x64, 0x1,
    0xfe, 0x37, 0x17, 0x0, 0xff, 0xe2, 0xe, 0x80,
    0x7f, 0xf1, 0x87, 0x4, 0x2, 0x79, 0x99, 0x2,
    0x26, 0x68, 0x0, 0x87, 0xa, 0x8, 0x1, 0x4c,
    0xd1, 0x82, 0xb3, 0x4e, 0x1, 0x69, 0x3b, 0x80,
    0x2d, 0xff, 0x9c, 0x33, 0xff, 0x0, 0x5d, 0x10,
    0x0, 0xff, 0x8, 0x7, 0xc4, 0xe0, 0x1f, 0xff,
    0x74, 0x99, 0xc8, 0x11, 0x33, 0xc2, 0x1, 0xf1,
    0xb3, 0x63, 0x5, 0x66, 0xe3, 0x0, 0xf9, 0xff,
    0xff, 0xf8, 0x4,

    /* U+5907 "备" */
    0x0, 0xff, 0xe7, 0x9f, 0x20, 0x7, 0xff, 0x1b,
    0xc7, 0xea, 0xbe, 0x90, 0xf, 0xe8, 0x30, 0x45,
    0x5f, 0x9c, 0x3, 0xf2, 0xb8, 0x2f, 0xff, 0x98,
    0x20, 0x3, 0xe6, 0xa1, 0x65, 0x60, 0xc, 0xcc,
    0x56, 0x0, 0xf5, 0x48, 0xe4, 0xa4, 0xb8, 0x1,
    0xa4, 0xe8, 0x3, 0xce, 0xa7, 0xe4, 0x16, 0xb1,
    0x54, 0x94, 0xc0, 0xf, 0x9e, 0xb0, 0x40, 0x2a,
    0x35, 0x51, 0xd8, 0x7, 0xf2, 0x80, 0x44, 0xfc,
    0x66, 0x23, 0xe7, 0x10, 0xf, 0x85, 0x23, 0x36,
    0xa, 0xb3, 0x64, 0xa3, 0xb1, 0xcc, 0x0, 0x3d,
    0xcb, 0x73, 0x4, 0x6f, 0xaa, 0x63, 0x18, 0x1c,
    0x67, 0xb8, 0xcb, 0xd2, 0x80, 0x11, 0x57, 0xc6,
    0x0, 0xda, 0x66, 0x3, 0xc2, 0x98, 0x77, 0xfb,
    0x81, 0xff, 0xe5, 0x2, 0x59, 0x10, 0xf, 0x5d,
    0x52, 0xc1, 0x6a, 0xa7, 0x0, 0xff, 0x95, 0x70,
    0x12, 0xac, 0x40, 0x1f, 0xf7, 0x7f, 0xb8, 0x1f,
    0xfe, 0x50, 0xf, 0xfa, 0x26, 0x50, 0x9, 0x33,
    0x38, 0x7, 0xfc, 0xcd, 0x80, 0xd9, 0xa2, 0x0,
    0xff, 0xb7, 0xff, 0xf2, 0x80, 0x70,

    /* U+5929 "天" */
    0x0, 0xff, 0xe4, 0xcf, 0xff, 0xff, 0x13, 0x80,
    0x18, 0xcd, 0xf1, 0x2, 0xb3, 0x7c, 0x0, 0x59,
    0x9f, 0x98, 0x2e, 0x67, 0xd0, 0x1, 0xff, 0xd2,
    0x70, 0x10, 0xf, 0xfe, 0x29, 0x0, 0x7f, 0xf0,
    0x22, 0x67, 0xc2, 0x13, 0x3f, 0x10, 0x4, 0xcd,
    0xf0, 0x1, 0x9b, 0xe7, 0x0, 0xbb, 0xff, 0xa4,
    0x4, 0x2f, 0xff, 0x94, 0x3, 0xfb, 0x42, 0x3,
    0x40, 0x3f, 0xf8, 0x44, 0x86, 0xc2, 0xe0, 0x1f,
    0xfc, 0x2e, 0x9, 0x9, 0x18, 0x0, 0xff, 0xe0,
    0x41, 0xa2, 0x83, 0x8b, 0x98, 0x7, 0xf9, 0xdc,
    0x54, 0x1, 0x50, 0x69, 0x0, 0x7e, 0x98, 0x1f,
    0x10, 0x9, 0x20, 0x71, 0x0, 0x39, 0x79, 0x8b,
    0x8, 0x3, 0x9e, 0x6, 0xe0, 0x0, 0x9b, 0x42,
    0xda, 0x40, 0x1f, 0x3d, 0xb, 0xf2, 0xa0, 0xa6,
    0x48, 0x7, 0xf9, 0x7d, 0x81, 0x83, 0x2c, 0xc0,
    0x3f, 0xf8, 0x3, 0x3c, 0x60,

    /* U+5C0F "小" */
    0x0, 0xfe, 0xbd, 0x0, 0xff, 0xe3, 0x39, 0x0,
    0x7f, 0xfa, 0x88, 0x3, 0xf1, 0x0, 0x7f, 0x26,
    0xa0, 0x7, 0xb7, 0x48, 0x1, 0xfb, 0x81, 0x40,
    0x3d, 0xc1, 0x66, 0x1, 0xe2, 0x54, 0x10, 0xf,
    0x1d, 0x86, 0x88, 0x7, 0x48, 0x40, 0x7, 0xe4,
    0x81, 0xb0, 0xc, 0xc8, 0x83, 0x0, 0xfe, 0x72,
    0x53, 0x0, 0x14, 0x85, 0x0, 0x7f, 0xd2, 0x10,
    0x3, 0x81, 0x42, 0x1, 0xff, 0x21, 0xa0, 0x82,
    0xc2, 0x80, 0x7f, 0xf0, 0x69, 0xc, 0x6d, 0xc0,
    0x3f, 0xf8, 0x4d, 0x64, 0x1, 0xff, 0xe5, 0x10,
    0xf, 0xfe, 0x1a, 0xdd, 0xc4, 0x60, 0x1f, 0xfc,
    0x24, 0x4c, 0x7e, 0x1, 0xff, 0xc2, 0x1f, 0xfb,
    0xc, 0x3, 0xf8,

    /* U+5C1A "尚" */
    0x0, 0xfc, 0x8a, 0x1, 0xff, 0xc4, 0x8a, 0x0,
    0xe2, 0x0, 0x16, 0x40, 0x7, 0xff, 0x3, 0x30,
    0x6, 0xf, 0x0, 0x1f, 0xe9, 0x14, 0x1, 0xd2,
    0x76, 0x0, 0xfc, 0xac, 0x50, 0x0, 0x1c, 0x19,
    0x10, 0xf, 0x2d, 0xf, 0x80, 0x61, 0xb1, 0x50,
    0xf, 0x68, 0xe9, 0x0, 0x4f, 0x5e, 0x9d, 0x54,
    0x20, 0xaa, 0x12, 0xcd, 0x50, 0x1, 0x6a, 0xbe,
    0x10, 0x55, 0x91, 0x56, 0x0, 0x87, 0xff, 0xff,
    0x80, 0xa0, 0x1f, 0xfc, 0xd9, 0xff, 0xf7, 0x0,
    0x7f, 0xf0, 0x19, 0xb0, 0x80, 0x7f, 0xf0, 0x62,
    0x66, 0x20, 0xf, 0xfe, 0x9f, 0x7f, 0xc6, 0x1,
    0xff, 0x7a, 0xaf, 0x9c, 0x3, 0xfc, 0xd5, 0x5e,
    0x90, 0xf, 0xfe, 0x2a, 0xcc, 0x94, 0x40, 0xe,
    0x1, 0xfe, 0x16, 0x60, 0xd8, 0x2, 0xf8, 0x3,
    0xf9, 0x3f, 0xdc, 0xa0,

    /* U+5C4F "屏" */
    0x0, 0x84, 0x7f, 0xf8, 0x60, 0x1a, 0xfb, 0xbf,
    0xf8, 0x70, 0x1, 0xcc, 0xdf, 0xfc, 0x5, 0x0,
    0xfa, 0x67, 0xff, 0x82, 0x1, 0xf5, 0x57, 0xff,
    0x2, 0x0, 0x3e, 0x55, 0xff, 0xe0, 0x20, 0x78,
    0x7, 0x7f, 0xce, 0x37, 0xff, 0xca, 0x7e, 0xe0,
    0x1f, 0xac, 0xed, 0x40, 0x24, 0x56, 0x0, 0xff,
    0x1f, 0x8d, 0x88, 0x1d, 0xc, 0x0, 0x7e, 0x5f,
    0xf6, 0x88, 0xbb, 0xf0, 0x45, 0xbf, 0xa0, 0x1e,
    0x76, 0x68, 0x5, 0x9a, 0x3, 0x66, 0x50, 0x7,
    0x8a, 0x66, 0x5, 0x99, 0x58, 0x24, 0xc9, 0xc0,
    0x3f, 0xf8, 0x9e, 0x1, 0xe7, 0x13, 0xff, 0xc0,
    0x9f, 0xed, 0x8, 0xff, 0xac, 0x0, 0x64, 0x46,
    0x69, 0x40, 0xd9, 0x8a, 0x6, 0xcd, 0x68, 0x28,
    0x58, 0xcc, 0xc4, 0x1f, 0x32, 0x80, 0x49, 0x99,
    0x82, 0x41, 0x80, 0x27, 0x71, 0x98, 0x3, 0xf9,
    0x8d, 0x81, 0xeb, 0xa0, 0xf4, 0x3, 0xfc, 0x44,
    0x81, 0xa5, 0x55, 0x60, 0x80, 0x7f, 0x93, 0x44,
    0x33, 0xed, 0x40, 0x38, 0xbe, 0x0, 0x30,

    /* U+5DF2 "已" */
    0xdf, 0xff, 0xfe, 0xd, 0x0, 0x48, 0xab, 0xff,
    0xc0, 0x0, 0xe9, 0xaa, 0xff, 0xac, 0x3, 0xff,
    0x98, 0x20, 0x1f, 0xfc, 0x41, 0xea, 0x0, 0xff,
    0xeb, 0xaf, 0xff, 0xf7, 0x0, 0x7c, 0x4c, 0xdf,
    0xe0, 0xf, 0x9e, 0x67, 0xfc, 0xb8, 0x1, 0xff,
    0xc4, 0xa6, 0x0, 0xff, 0xec, 0x1c, 0x10, 0x7,
    0xff, 0xd, 0x9d, 0x40, 0x3f, 0xf8, 0x78, 0x8,
    0x20, 0xc2, 0x3f, 0xf2, 0x31, 0x18, 0x11, 0xf7,
    0x7f, 0xd6, 0x10, 0x0, 0xc7, 0x66, 0xff, 0x9f,
    0x14, 0x0,

    /* U+5E76 "并" */
    0x0, 0xe8, 0x10, 0xf, 0xd2, 0x20, 0x1f, 0x43,
    0xe1, 0x0, 0x79, 0xd9, 0x80, 0x1f, 0x44, 0x97,
    0x80, 0x71, 0xc0, 0xb8, 0x7, 0xe6, 0x61, 0x40,
    0x4, 0x5a, 0x1a, 0x1, 0xf4, 0x44, 0x0, 0x28,
    0x8a, 0xc4, 0xae, 0x20, 0x20, 0x10, 0xbb, 0xcc,
    0xa, 0xef, 0x30, 0x13, 0xbc, 0x60, 0x10, 0xff,
    0xd8, 0xd, 0xff, 0x60, 0x2f, 0xfc, 0x40, 0x1f,
    0x8, 0x8, 0x4, 0x20, 0x60, 0x1f, 0xfe, 0x71,
    0x0, 0xe1, 0x3, 0x0, 0xf0, 0xff, 0xec, 0x7,
    0xff, 0xb0, 0x17, 0xff, 0x50, 0xb, 0x36, 0x40,
    0x46, 0x69, 0x40, 0x99, 0xb7, 0x80, 0x26, 0x76,
    0x4, 0x4c, 0xe0, 0x49, 0x9c, 0xa0, 0x1e, 0xa0,
    0x30, 0xf, 0xfe, 0x24, 0x93, 0x80, 0x7f, 0xf1,
    0x25, 0x8e, 0x0, 0x3f, 0xf8, 0x49, 0xac, 0x7a,
    0x1, 0xff, 0xc2, 0xbb, 0x13, 0xe0, 0x80, 0x7f,
    0xf0, 0xb1, 0x76, 0x0, 0x3f, 0xf8, 0x60,

    /* U+5E7F "广" */
    0x0, 0xff, 0x9, 0x0, 0x7f, 0xf1, 0xab, 0x40,
    0x3f, 0xfc, 0xf5, 0xff, 0xe4, 0xf, 0xff, 0x84,
    0x2, 0x10, 0x55, 0xff, 0xe1, 0x8, 0x6, 0x1a,
    0xaf, 0xfe, 0x10, 0x7, 0xff, 0xfc, 0x3, 0xff,
    0xa2, 0xe6, 0x1, 0xff, 0xc6, 0x11, 0x0, 0x7f,
    0xf1, 0x89, 0x80, 0x3f, 0xf8, 0xa8, 0x18, 0x1,
    0xff, 0xc5, 0xe0, 0x40, 0xf, 0xfe, 0x21, 0xaa,
    0x10, 0x7, 0xff, 0xc, 0xf4, 0x24, 0x3, 0xff,
    0x88, 0xa3, 0x44, 0x1, 0xff, 0xc4, 0x6e, 0x50,
    0xf, 0xfe, 0x28,

    /* U+5EA6 "度" */
    0x0, 0xff, 0x7d, 0x80, 0x7f, 0xc2, 0x3f, 0x3,
    0x88, 0xfc, 0x1, 0x7f, 0x77, 0xc0, 0x7d, 0xdf,
    0x28, 0x4, 0x4e, 0xf1, 0xa3, 0xbe, 0x43, 0x67,
    0x7c, 0x1, 0x34, 0x44, 0x41, 0x11, 0x88, 0xe2,
    0x31, 0x0, 0x68, 0x99, 0xa, 0xcc, 0xe4, 0x8,
    0x99, 0x38, 0x7, 0x3b, 0x30, 0x5, 0x9b, 0x10,
    0x33, 0x54, 0x1, 0xdf, 0xf0, 0x9f, 0xfe, 0x60,
    0xef, 0xf6, 0x80, 0x7f, 0x14, 0x46, 0x50, 0xf,
    0xfe, 0x10, 0xbb, 0xe3, 0x0, 0xfe, 0x10, 0xb,
    0xbf, 0xfe, 0x10, 0xf, 0xcd, 0xff, 0xff, 0x48,
    0x6, 0x10, 0x35, 0x62, 0x3, 0x66, 0xe1, 0x1,
    0x0, 0xc4, 0x2, 0x73, 0x82, 0x75, 0x33, 0x8,
    0x8e, 0x0, 0x33, 0x7, 0x0, 0x7, 0x43, 0x14,
    0xad, 0xd3, 0x40, 0x3b, 0x1, 0x40, 0x23, 0xd1,
    0xad, 0x47, 0xb1, 0x0, 0xe7, 0x13, 0x0, 0x96,
    0x44, 0x2, 0x47, 0x20, 0xc, 0xe2, 0xcc, 0x9c,
    0xfa, 0x45, 0xce, 0x72, 0x8d, 0xec, 0xa6, 0xd2,
    0x8d, 0x61, 0x6a, 0xfa, 0x31, 0x8e, 0xc8, 0x52,
    0x50, 0xac, 0xb, 0xfd, 0x95, 0x0, 0xf1, 0xbd,
    0xf7, 0x18,

    /* U+5F00 "开" */
    0x0, 0xff, 0xe5, 0x77, 0xff, 0xff, 0x10, 0x2,
    0x67, 0x79, 0x1, 0x5d, 0xf0, 0x83, 0xbe, 0x0,
    0xa2, 0x36, 0x87, 0x44, 0x62, 0x18, 0x8c, 0x1,
    0xff, 0xf2, 0x69, 0x9d, 0xa1, 0xd3, 0x38, 0x86,
    0x67, 0x40, 0x53, 0x36, 0x40, 0x56, 0x6c, 0x20,
    0xcd, 0xc1, 0x9f, 0xfa, 0x2, 0xff, 0xf1, 0x8f,
    0xfe, 0xe0, 0xf, 0x78, 0x30, 0x7, 0xff, 0x14,
    0x80, 0x80, 0x3f, 0xf8, 0xa8, 0x40, 0x1f, 0xfc,
    0x54, 0x15, 0x0, 0xff, 0xe2, 0xc8, 0x50, 0x7,
    0xff, 0x12, 0x89, 0xc8, 0x3, 0xff, 0x84, 0x58,
    0xa9, 0x0, 0x1f, 0xfc, 0x29, 0xd3, 0x5b, 0x0,
    0xff, 0xe1, 0xf9, 0xdd, 0x0, 0x7f, 0xf0, 0xc0,

    /* U+5F85 "待" */
    0x0, 0xf1, 0x88, 0x7, 0x13, 0x8, 0x7, 0xfd,
    0xd8, 0x1, 0xcb, 0x24, 0x1, 0xfe, 0x92, 0xa0,
    0xf, 0xfe, 0x2a, 0xb1, 0xb8, 0x7, 0xff, 0x11,
    0x68, 0x74, 0x1, 0xbf, 0xf4, 0x6, 0x7f, 0xce,
    0x1, 0x3d, 0xe, 0x8, 0x2, 0x9d, 0xe3, 0x5,
    0x77, 0x8c, 0x0, 0xb0, 0x58, 0x47, 0x84, 0xf1,
    0x15, 0x84, 0xc4, 0x48, 0x0, 0x5b, 0xd2, 0xe,
    0x12, 0x0, 0xff, 0xe1, 0x20, 0x2, 0xcf, 0xaf,
    0xff, 0x40, 0x67, 0xfe, 0xa0, 0xd, 0x69, 0xa7,
    0x8a, 0xbf, 0x0, 0xaa, 0xb0, 0x0, 0x5a, 0x80,
    0x40, 0xf5, 0x5e, 0xb0, 0x7a, 0xa3, 0x3, 0x69,
    0x8, 0x7, 0xff, 0x10, 0x74, 0x6d, 0xc0, 0x5,
    0xff, 0xf7, 0x3, 0x7f, 0xb8, 0x6f, 0x90, 0x2,
    0x36, 0x6f, 0xc0, 0x4c, 0xd0, 0x7, 0xc3, 0x20,
    0x31, 0x33, 0x40, 0x24, 0xca, 0x0, 0x3f, 0x11,
    0xbf, 0x40, 0x7, 0xff, 0x10, 0xab, 0x91, 0xe8,
    0x3, 0xff, 0x8a, 0x37, 0x36, 0x1, 0xff, 0xc7,
    0x7d, 0xcc, 0x7, 0x0, 0x7f, 0xf0, 0xc6, 0xc4,
    0x19, 0xc0, 0x20,

    /* U+6001 "态" */
    0x0, 0xfe, 0x28, 0x20, 0xf, 0xfe, 0x32, 0x3b,
    0x0, 0x7f, 0xf1, 0xb8, 0x18, 0x3, 0xfd, 0x5f,
    0xff, 0x38, 0x6f, 0xff, 0xe0, 0x7, 0x44, 0x79,
    0xc0, 0xc4, 0x22, 0x3e, 0x0, 0x23, 0xbf, 0x80,
    0x13, 0x0, 0x7, 0x7f, 0x0, 0x7e, 0x27, 0x15,
    0x63, 0x84, 0x0, 0xff, 0xe0, 0xf, 0x80, 0xe9,
    0x70, 0xda, 0x0, 0x7f, 0x93, 0xca, 0x70, 0x35,
    0xb4, 0x6d, 0xc0, 0x3e, 0x4b, 0xb0, 0xd3, 0x1e,
    0x15, 0x8e, 0x14, 0x59, 0x0, 0x51, 0xd6, 0x88,
    0xd5, 0x0, 0x1f, 0xd1, 0x13, 0x55, 0x36, 0x84,
    0x4, 0x4b, 0x96, 0x6e, 0x71, 0xa8, 0xa0, 0x15,
    0x59, 0x29, 0x84, 0xfd, 0x12, 0x14, 0x2c, 0x94,
    0xa0, 0x4, 0x29, 0xba, 0x20, 0xd, 0x56, 0xc0,
    0x1, 0xf0, 0x90, 0x1, 0xf4, 0x1, 0x0, 0x68,
    0x47, 0x60, 0x8, 0x9c, 0x4, 0x9, 0x5e, 0xc0,
    0x34, 0x39, 0xc0, 0x7, 0x4e, 0x88, 0x7e, 0x32,
    0x48, 0x2, 0x9c, 0xb4, 0x3, 0xc2, 0x0, 0x31,
    0x9, 0x56, 0x50, 0xe4, 0xc1, 0x0, 0xae, 0x67,
    0xbc, 0x1c, 0x29, 0x10, 0x9, 0x62, 0x0, 0x34,
    0x26, 0x6e, 0x37, 0x10, 0x5, 0x88,

    /* U+6253 "打" */
    0x0, 0xcd, 0x20, 0x1f, 0xfc, 0x6c, 0x61, 0x0,
    0xff, 0xe4, 0xbc, 0xcf, 0xf8, 0x80, 0x3f, 0x53,
    0x37, 0xf9, 0xc0, 0x3f, 0x6f, 0xfe, 0x50, 0xdf,
    0xf9, 0x42, 0xaa, 0x40, 0xba, 0xa0, 0x80, 0x71,
    0x80, 0x72, 0xac, 0x20, 0xab, 0x0, 0x7f, 0xf0,
    0x3f, 0xe5, 0xe, 0xff, 0x8, 0x7, 0xff, 0xb5,
    0x69, 0x40, 0x3f, 0xf8, 0x42, 0x1d, 0x48, 0x20,
    0x1f, 0xe2, 0x7b, 0xf4, 0x5, 0xbe, 0x40, 0xf,
    0xf3, 0xc2, 0x29, 0x85, 0xa0, 0x7, 0xff, 0x1,
    0x73, 0xe9, 0x80, 0x3f, 0xf8, 0x86, 0x1, 0xff,
    0xef, 0x7a, 0xa2, 0x88, 0x80, 0x28, 0xaa, 0x28,
    0x88, 0x3, 0x85, 0x54, 0x16, 0x1, 0xca, 0xa2,
    0xa0, 0xf, 0x37, 0xfc, 0xa0, 0x1a, 0x3f, 0xda,
    0x80, 0x1c,

    /* U+63A5 "接" */
    0x0, 0xc6, 0x40, 0x1f, 0x10, 0x80, 0x7f, 0xb7,
    0x80, 0x3e, 0xda, 0x0, 0xff, 0xeb, 0xf7, 0xfe,
    0x4, 0xff, 0xe1, 0x0, 0xfd, 0x2e, 0x2c, 0xef,
    0x98, 0x5d, 0xc2, 0x11, 0xfe, 0x13, 0xff, 0x3d,
    0x8a, 0x44, 0x61, 0x17, 0x40, 0x3, 0x55, 0x40,
    0x2a, 0xa0, 0x3a, 0x29, 0x0, 0xb, 0x93, 0x0,
    0x4b, 0x54, 0x12, 0xaa, 0x0, 0x14, 0xd8, 0x42,
    0xc2, 0x40, 0x3f, 0xc7, 0x33, 0x0, 0xc4, 0xa8,
    0xec, 0xca, 0x0, 0x3e, 0x56, 0x68, 0xc5, 0x98,
    0x2, 0xcd, 0x80, 0x3c, 0xb9, 0xbf, 0xf4, 0x96,
    0x7f, 0xf7, 0x0, 0x48, 0x27, 0x4a, 0x60, 0x15,
    0x91, 0x0, 0x3e, 0xbf, 0xb0, 0x1a, 0xfe, 0xff,
    0x88, 0x3b, 0xff, 0x9c, 0x8, 0x90, 0x4, 0xa0,
    0xca, 0x80, 0x2a, 0xb0, 0x1, 0x54, 0x61, 0x3a,
    0xe2, 0x1, 0x4d, 0x30, 0x55, 0x5c, 0xd, 0x54,
    0x40, 0xf, 0xec, 0x20, 0xf7, 0x5b, 0x29, 0x0,
    0xff, 0x86, 0x61, 0x99, 0x14, 0xc, 0x40, 0x1f,
    0xf0, 0xaa, 0xb8, 0x0, 0x4a, 0x9b, 0x64, 0x0,
    0x18, 0xa1, 0x72, 0x9b, 0xed, 0x80, 0x9d, 0xae,
    0x74, 0xd7, 0x1, 0x55, 0x14, 0x12, 0x20, 0x9f,
    0x35, 0x80, 0x3, 0x1a, 0x88, 0x0, 0x6f, 0xe9,
    0x86, 0xfe, 0x41, 0x80, 0x78, 0xac, 0xc0,

    /* U+64AD "播" */
    0x0, 0xd4, 0xc0, 0x1f, 0xf2, 0xc0, 0x7, 0x85,
    0x7c, 0x3, 0x84, 0x96, 0x2f, 0xe9, 0xe0, 0x3,
    0xf8, 0x77, 0xbf, 0xb6, 0x9d, 0x9, 0xae, 0x0,
    0x3f, 0x86, 0x81, 0x1e, 0x1, 0xbf, 0x4d, 0x80,
    0x31, 0xab, 0x81, 0x2a, 0x28, 0x2d, 0x30, 0x8,
    0x42, 0xb0, 0x6, 0x8a, 0x90, 0x4a, 0x82, 0xc1,
    0x90, 0x8, 0xdd, 0x90, 0x3, 0x45, 0xd0, 0x25,
    0xbd, 0x40, 0xbd, 0x82, 0xc9, 0x9a, 0xa8, 0x1,
    0x1a, 0x20, 0x9, 0x1, 0x54, 0x26, 0xa0, 0x4a,
    0x6a, 0xb0, 0x80, 0x7e, 0xbf, 0xf6, 0x81, 0x3,
    0xa8, 0x67, 0xf8, 0x40, 0x3c, 0x55, 0x80, 0x78,
    0x32, 0x0, 0xb1, 0xc4, 0x0, 0xf3, 0x82, 0x2a,
    0xa3, 0x3, 0x54, 0x0, 0x38, 0x57, 0x0, 0x1,
    0x8e, 0x90, 0x38, 0x67, 0x4, 0xa8, 0x33, 0x4d,
    0xb8, 0x3e, 0x80, 0xa1, 0x48, 0x2b, 0x24, 0x82,
    0xb3, 0xd, 0x19, 0x8a, 0x93, 0xc0, 0xc, 0xc3,
    0x80, 0x6, 0xd0, 0x1f, 0xfc, 0xb, 0xfe, 0x20,
    0x63, 0x0, 0xff, 0x91, 0xdc, 0xe, 0xf1, 0x80,
    0x7f, 0xf0, 0x8e, 0x20, 0x5, 0x10, 0x10, 0xf,
    0xfe, 0x13, 0xff, 0x81, 0x7f, 0xc4, 0x1, 0xff,
    0xc2, 0x48, 0x80, 0x3c, 0x40, 0xc0, 0x38, 0xe2,
    0xc0, 0x3c, 0x6e, 0xe0, 0x27, 0x70, 0x80, 0x71,
    0x3a, 0x95, 0x80, 0x67, 0xff, 0xf1, 0x0, 0x70,
    0xff, 0xb4, 0x80, 0x5, 0xf0, 0x1, 0xed, 0xb0,
    0x8,

    /* U+65B0 "新" */
    0x0, 0xe2, 0x20, 0x7, 0xfc, 0x20, 0x1e, 0xcf,
    0x0, 0xfc, 0x2d, 0xba, 0x0, 0xff, 0xe0, 0xa,
    0xbd, 0xf4, 0x9d, 0x80, 0x3f, 0xf0, 0x97, 0xfd,
    0x69, 0x50, 0xaa, 0xae, 0x70, 0x3, 0x31, 0x19,
    0xb2, 0x36, 0x0, 0x23, 0xa9, 0x40, 0x34, 0xf2,
    0x6c, 0xca, 0xd3, 0x9c, 0x0, 0x20, 0x1f, 0x98,
    0x64, 0x0, 0xa0, 0x80, 0x1f, 0xfc, 0x1, 0x92,
    0x30, 0xa3, 0x30, 0x5, 0x77, 0xe8, 0x3f, 0xf4,
    0x6, 0x79, 0x1f, 0xf0, 0x0, 0x95, 0x48, 0x85,
    0x31, 0x55, 0xc0, 0x2a, 0xb3, 0x80, 0x27, 0xbc,
    0x1b, 0xac, 0xaa, 0xb0, 0x95, 0x55, 0x20, 0x1f,
    0xe5, 0x99, 0x84, 0xa6, 0x63, 0x30, 0x7, 0xf7,
    0xb3, 0x40, 0x2c, 0xd2, 0x88, 0x18, 0x7, 0xd5,
    0xf6, 0x0, 0x26, 0xcf, 0x6e, 0x1, 0x0, 0xfc,
    0x32, 0x0, 0x37, 0xc4, 0x5, 0x5, 0x0, 0xf8,
    0x74, 0xac, 0x4b, 0xca, 0x8c, 0xc4, 0x20, 0x1e,
    0x3f, 0x39, 0x40, 0x0, 0xf0, 0x48, 0x28, 0x7,
    0xc4, 0x4a, 0x60, 0xc, 0x7e, 0xe1, 0x20, 0x1f,
    0xe, 0x28, 0x7, 0xa4, 0x9c, 0x40, 0x3f, 0xf8,
    0x94, 0xb0, 0x1, 0xf8,

    /* U+65E5 "日" */
    0x79, 0x9f, 0xf8, 0x6d, 0x9b, 0xfe, 0x30, 0x7,
    0xff, 0xe5, 0x0, 0xff, 0xf6, 0x7f, 0xfe, 0x50,
    0xc, 0xab, 0xf8, 0x80, 0x35, 0x57, 0xe7, 0x0,
    0xff, 0xf6, 0x7f, 0xfe, 0x50, 0xc, 0xcd, 0xf8,
    0x80, 0x34, 0xcf, 0xe7, 0x0, 0x5b, 0x80, 0x7e,
    0xe8, 0x20,

    /* U+65F6 "时" */
    0x0, 0xff, 0xe1, 0x11, 0x80, 0x7f, 0xf1, 0x6f,
    0x4, 0x3, 0xff, 0xb9, 0x3b, 0xbc, 0xe0, 0x1f,
    0xfc, 0x2, 0x20, 0x8c, 0x5c, 0x53, 0x3e, 0x40,
    0x89, 0x30, 0x6, 0x63, 0x40, 0xe, 0xcd, 0xe2,
    0x6, 0x62, 0x80, 0x7c, 0xbf, 0xfe, 0x60, 0xef,
    0x60, 0xf, 0xfe, 0x7c, 0x71, 0x0, 0x7f, 0xbf,
    0xdc, 0x1, 0x60, 0xe0, 0x80, 0x7f, 0x33, 0x40,
    0x12, 0x50, 0xd0, 0x7, 0xf4, 0xca, 0x0, 0x32,
    0xb2, 0x20, 0x3, 0xff, 0x89, 0x1, 0xc0, 0x1f,
    0xfc, 0x41, 0xba, 0x0, 0xfd, 0x32, 0x80, 0xf,
    0x20, 0x7, 0xf3, 0x34, 0x1, 0xff, 0xc4, 0xff,
    0x70, 0x7, 0xff, 0xb, 0x14, 0x0, 0x2b, 0xe0,
    0x1c, 0x88, 0x20, 0x10, 0x3, 0xd0, 0x5, 0x4c,
    0x1, 0xc7, 0x68, 0xc0, 0x10,

    /* U+66F4 "更" */
    0x0, 0xff, 0xe4, 0x8f, 0xff, 0xff, 0x1a, 0xc0,
    0x59, 0xbf, 0x18, 0x2b, 0x37, 0xda, 0x0, 0x99,
    0xfd, 0x61, 0x33, 0xf9, 0x80, 0x36, 0x7f, 0xf4,
    0x6, 0x7f, 0xf2, 0x0, 0x7e, 0x55, 0xc4, 0x8,
    0xab, 0x20, 0x7, 0xf0, 0xd5, 0x70, 0x45, 0x55,
    0xe0, 0x1f, 0xc3, 0x55, 0xc1, 0x15, 0x54, 0x0,
    0x7f, 0x95, 0x71, 0x2, 0x2a, 0xc6, 0x1, 0xfc,
    0x3f, 0xf9, 0xc3, 0xbf, 0xeb, 0x0, 0xfe, 0x19,
    0x9c, 0xa1, 0x13, 0x37, 0x80, 0x7f, 0x99, 0xb1,
    0x3, 0x36, 0x40, 0xf, 0xd8, 0xf9, 0xfe, 0xe0,
    0x4f, 0xff, 0x20, 0x7, 0x8d, 0xf5, 0x1, 0x43,
    0x0, 0x3f, 0xf8, 0x27, 0x83, 0x71, 0x20, 0xc0,
    0x1f, 0xfc, 0x23, 0xd3, 0x72, 0x51, 0x0, 0xff,
    0xe1, 0x15, 0x10, 0x1, 0x7a, 0x54, 0x40, 0x3e,
    0x15, 0x9d, 0xd3, 0x84, 0xfd, 0x2b, 0x57, 0x7e,
    0xdd, 0x4c, 0xa, 0x53, 0x12, 0x4f, 0x30, 0x2d,
    0xfd, 0xba, 0x82, 0x2b, 0x20, 0xad, 0xe7, 0xdb,
    0x0, 0x79, 0x22, 0xb7, 0xfd, 0xba, 0x0,

    /* U+6700 "最" */
    0x0, 0xff, 0xe5, 0xc7, 0xff, 0xff, 0x0, 0x3,
    0xf9, 0xe2, 0x3f, 0x10, 0x7, 0xf8, 0xf7, 0x7f,
    0x18, 0x7, 0xfc, 0x23, 0xf8, 0x3, 0xfe, 0x3c,
    0xcf, 0xc6, 0x1, 0xfe, 0x78, 0x8f, 0xc4, 0x1,
    0xc4, 0xaa, 0xd9, 0x9f, 0xfa, 0x95, 0x60, 0xaa,
    0xd3, 0x3f, 0xf5, 0x56, 0x1a, 0xb5, 0xa, 0xbb,
    0x94, 0x26, 0xef, 0xf0, 0x92, 0x18, 0x66, 0xec,
    0xc0, 0xb, 0xbf, 0x52, 0x0, 0x73, 0x36, 0x30,
    0x34, 0x3, 0x55, 0x2, 0x80, 0x7b, 0xbf, 0xe7,
    0x6, 0xb0, 0x6a, 0x90, 0xd0, 0xf, 0x77, 0xfc,
    0xe0, 0x13, 0x29, 0x78, 0xb0, 0x7, 0x99, 0xb1,
    0x80, 0x50, 0x38, 0x70, 0x1, 0xf5, 0xdb, 0x7c,
    0x3, 0xb, 0x8, 0x38, 0x4, 0xd4, 0xe1, 0xba,
    0xb9, 0x20, 0xa, 0x1c, 0xc3, 0xcc, 0x0, 0xae,
    0xaf, 0x37, 0xde, 0xc0, 0xba, 0xed, 0x98, 0x3c,
    0xb2, 0x3d, 0xb8, 0x64, 0x10, 0xc, 0x75, 0x20,
    0x7b, 0x0, 0x40, 0x1f, 0xa3, 0xdb, 0x94, 0x3,
    0x3d, 0x80,

    /* U+6708 "月" */
    0x0, 0xff, 0xe5, 0x57, 0xff, 0xf8, 0x40, 0x3e,
    0x66, 0xf8, 0x40, 0x3f, 0xa2, 0x67, 0xca, 0x1,
    0xff, 0xdf, 0xef, 0xff, 0x20, 0x7, 0xf3, 0x37,
    0xc2, 0x1, 0xfd, 0x13, 0x3e, 0x50, 0xf, 0xfe,
    0x71, 0x80, 0x7f, 0xf0, 0x84, 0x37, 0xff, 0xc8,
    0x1, 0xf3, 0x3, 0xbf, 0xc2, 0x1, 0xe2, 0x22,
    0x44, 0x7c, 0xa0, 0x1e, 0x80, 0xe0, 0xf, 0xfe,
    0xa, 0xa8, 0x94, 0x3, 0xff, 0x80, 0x54, 0x1c,
    0x1, 0xff, 0xc0, 0x4d, 0x9, 0x30, 0xe, 0xab,
    0xb2, 0x0, 0x85, 0x4, 0x30, 0x7, 0x8d, 0x10,
    0xe, 0x0, 0xca, 0x70, 0xf, 0xa7, 0xfe, 0x80,

    /* U+672A "未" */
    0x0, 0xfe, 0x7e, 0x30, 0xf, 0xfe, 0x37, 0x8b,
    0x80, 0x7f, 0xfa, 0xaf, 0xff, 0x9c, 0x2f, 0xff,
    0x98, 0x3, 0xda, 0xcd, 0xc6, 0xa, 0xcd, 0xca,
    0x1, 0xe6, 0x99, 0xe4, 0xe, 0x99, 0xe3, 0x0,
    0xff, 0xf1, 0x17, 0xff, 0xce, 0x17, 0xff, 0xee,
    0x0, 0x8d, 0xdf, 0x90, 0x3, 0x99, 0xdf, 0x30,
    0x4, 0x31, 0x1a, 0x54, 0x18, 0x1c, 0x6, 0x23,
    0x80, 0x3f, 0x68, 0xcf, 0x86, 0x23, 0x98, 0x7,
    0xfd, 0x86, 0xec, 0x1, 0x50, 0xe1, 0x80, 0x7e,
    0x2d, 0x36, 0x80, 0xc, 0x3a, 0x18, 0xa0, 0x1e,
    0x6d, 0x28, 0x90, 0xf, 0x1e, 0xd, 0x48, 0x4,
    0x39, 0x23, 0x6e, 0x1, 0xf8, 0xfd, 0x1b, 0x98,
    0x4, 0x1b, 0x90, 0x3, 0xfc, 0x37, 0x47, 0xc0,
    0xc, 0x90, 0xf, 0xfe, 0x12, 0xec, 0x0, 0x7f,
    0xf4, 0xdb, 0xd0, 0x3, 0xf8,

    /* U+6761 "条" */
    0x0, 0xff, 0xe7, 0xc7, 0x8, 0x7, 0xff, 0x14,
    0x9c, 0x6e, 0xab, 0xcc, 0x1, 0xfc, 0x38, 0x0,
    0x55, 0xfb, 0x0, 0x3f, 0x16, 0x8, 0x57, 0xfe,
    0xe3, 0x8, 0x0, 0xf9, 0xb0, 0xa5, 0x6a, 0x0,
    0x7, 0x87, 0x84, 0x1, 0xeb, 0x90, 0xb6, 0xa7,
    0x76, 0xce, 0x6, 0x98, 0x7, 0xd3, 0x1c, 0x80,
    0x8, 0x52, 0x60, 0xf2, 0x0, 0xfc, 0x4e, 0x0,
    0x39, 0xf5, 0x26, 0xd, 0xa3, 0x0, 0xf8, 0x56,
    0x7b, 0x18, 0x63, 0x2f, 0x55, 0x59, 0xae, 0x20,
    0x15, 0x75, 0x30, 0xad, 0xf3, 0xb6, 0x8d, 0x6b,
    0x14, 0x76, 0x38, 0x70, 0x2d, 0x7d, 0x20, 0x7,
    0x8a, 0x7e, 0x50, 0xfc, 0x13, 0xee, 0xbf, 0xfa,
    0x3, 0x3f, 0xf4, 0xe7, 0x40, 0x4, 0x2a, 0xb9,
    0x0, 0x39, 0x57, 0x10, 0x80, 0x75, 0x55, 0x2a,
    0x2c, 0x10, 0xf, 0x15, 0x45, 0x0, 0xfd, 0x38,
    0x79, 0xc0, 0x96, 0x7a, 0xe0, 0x1f, 0x14, 0x73,
    0x33, 0x48, 0x2, 0x4f, 0x38, 0xe7, 0x20, 0x0,
    0xee, 0x9d, 0x72, 0x40, 0x3c, 0x39, 0x65, 0x1b,
    0x80, 0x35, 0x1d, 0x66, 0x1, 0xfc, 0x99, 0xb1,
    0x0, 0x3, 0xb8, 0x40, 0x3f, 0xf8, 0x24, 0xe8,
    0x0,

    /* U+680F "栏" */
    0x0, 0xc9, 0x22, 0x1, 0x8, 0x7, 0x84, 0x3,
    0xe3, 0x62, 0x0, 0x4f, 0x18, 0x6, 0x2e, 0x70,
    0xf, 0xfa, 0xc7, 0x44, 0x2, 0xa0, 0x20, 0xf,
    0xf8, 0xa8, 0x60, 0x2, 0x61, 0x50, 0x9, 0x6e,
    0xd4, 0x1f, 0x74, 0x8, 0x86, 0x20, 0x61, 0x90,
    0xc, 0x48, 0x82, 0x3, 0x44, 0x0, 0x3d, 0x0,
    0x10, 0x2e, 0x1, 0x9f, 0xfc, 0x61, 0x9f, 0xb3,
    0x2d, 0x2b, 0xb0, 0x94, 0xcc, 0x20, 0x10, 0x98,
    0x51, 0xa3, 0x37, 0x20, 0x1b, 0x34, 0x40, 0x13,
    0x0, 0x1f, 0x5b, 0xff, 0xfe, 0x30, 0xa, 0x40,
    0x10, 0x2c, 0x1, 0xff, 0xc2, 0x61, 0x20, 0x53,
    0xb0, 0xf, 0xfe, 0x14, 0xa, 0x80, 0x23, 0x59,
    0xdf, 0xf8, 0xc0, 0x12, 0x31, 0xe0, 0x4, 0x1b,
    0x88, 0xfe, 0xb0, 0x2, 0x9b, 0x0, 0x76, 0xff,
    0xff, 0x40, 0x3, 0x34, 0x3, 0xff, 0x90, 0x20,
    0x1f, 0xfe, 0x24, 0xaa, 0xff, 0xe0, 0x20, 0x7,
    0xc6, 0xab, 0xff, 0xc0, 0x30, 0xf, 0x9f, 0xff,
    0xff, 0x80, 0xe0,

    /* U+6B21 "次" */
    0x0, 0xff, 0xe9, 0x57, 0x0, 0x7f, 0x8b, 0x6c,
    0x40, 0x39, 0xc, 0x3, 0xfc, 0x4a, 0x9e, 0x40,
    0x10, 0x89, 0xc0, 0x3f, 0xe8, 0x91, 0xf1, 0x0,
    0x30, 0x2f, 0xff, 0xda, 0x1, 0x99, 0xca, 0x40,
    0x16, 0xc, 0xde, 0x50, 0x70, 0xe, 0x86, 0x90,
    0x43, 0x69, 0x9f, 0x60, 0x68, 0x7, 0xa4, 0x42,
    0x2, 0xc0, 0x40, 0x36, 0x82, 0x80, 0x7e, 0x73,
    0x62, 0xb, 0xf0, 0x0, 0xa1, 0x10, 0x3, 0xe1,
    0x91, 0x90, 0x0, 0x88, 0x0, 0x33, 0x20, 0xf,
    0xb5, 0x7f, 0x40, 0x27, 0x30, 0x9, 0x90, 0x3,
    0xc6, 0x44, 0x13, 0x0, 0x8c, 0xc0, 0x1f, 0xf2,
    0x2, 0x0, 0x63, 0x1, 0x30, 0xf, 0xf5, 0x9,
    0x0, 0x6a, 0x0, 0x40, 0x7, 0xf1, 0x93, 0x0,
    0x62, 0x61, 0x84, 0x40, 0x7, 0xe8, 0xa, 0x0,
    0x87, 0xc2, 0x1c, 0x68, 0x40, 0x3c, 0x68, 0x82,
    0x0, 0xe, 0x92, 0xb0, 0x50, 0xe8, 0x80, 0x77,
    0x4, 0x0, 0xf, 0xd, 0x68, 0x0, 0x90, 0x78,
    0x80, 0x14, 0x93, 0x98, 0x46, 0x14, 0x50, 0x6,
    0x7a, 0x2b, 0xb2, 0x84, 0x3c, 0x4, 0x39, 0xe3,
    0x80, 0x79, 0x75, 0x53, 0xc0, 0x60, 0x1, 0x17,
    0x86, 0x1, 0xf8, 0xab, 0x68, 0x0,

    /* U+6B65 "步" */
    0x0, 0xfe, 0x13, 0x10, 0xf, 0xfe, 0x2a, 0x63,
    0x80, 0x7f, 0xf0, 0x8, 0xc0, 0x3f, 0xf8, 0xdd,
    0x80, 0x1d, 0xb3, 0x3e, 0x30, 0xf, 0xfe, 0x2,
    0x33, 0x79, 0x40, 0x3f, 0xf8, 0x13, 0xff, 0xe6,
    0x0, 0xff, 0xe9, 0x18, 0x7, 0xfd, 0xdf, 0xe3,
    0xf, 0xfa, 0x42, 0x7f, 0xfe, 0x60, 0x67, 0x7f,
    0x98, 0x9, 0xdf, 0xe5, 0x8, 0x8e, 0xd9, 0x8b,
    0x7, 0x88, 0xdf, 0x90, 0x60, 0x1c, 0xd5, 0x40,
    0xf, 0x86, 0x28, 0x3, 0xd1, 0x23, 0x40, 0x1f,
    0x58, 0x40, 0x6, 0x2c, 0x72, 0xf1, 0x0, 0xf3,
    0x29, 0xb0, 0x0, 0xab, 0x4d, 0xb4, 0x42, 0x20,
    0x6, 0xb, 0x23, 0xc0, 0x11, 0xb9, 0xdc, 0x80,
    0x44, 0xa3, 0xb3, 0x41, 0xa4, 0x1, 0xe, 0x61,
    0x0, 0x35, 0x63, 0x5b, 0x1e, 0x98, 0x7, 0x8,
    0x4, 0x29, 0x19, 0x87, 0x29, 0xc2, 0x0, 0xe5,
    0x8a, 0xce, 0xe5, 0xb9, 0xad, 0xeb, 0x0, 0x7d,
    0xae, 0xa6, 0x65, 0x8c, 0xfa, 0x40, 0xf, 0xe9,
    0xcd, 0xfd, 0xa7, 0x30, 0xf, 0xfe, 0x0,

    /* U+6BCF "每" */
    0x0, 0xe4, 0x30, 0xf, 0xfe, 0x35, 0x68, 0x7,
    0xff, 0x15, 0x44, 0xea, 0xbf, 0xf8, 0x4, 0x1,
    0xa0, 0x9, 0x57, 0xff, 0x80, 0xc0, 0x14, 0x14,
    0x7f, 0xff, 0xf0, 0x50, 0x0, 0x8e, 0x6c, 0x23,
    0xff, 0x0, 0x63, 0xa1, 0xbe, 0xef, 0xfe, 0x5,
    0x80, 0x7, 0x47, 0x40, 0xa, 0xe8, 0x87, 0x7e,
    0x60, 0x10, 0x0, 0xdd, 0x8f, 0xc2, 0x2d, 0x10,
    0xc3, 0x31, 0xb, 0x2, 0x0, 0x95, 0x0, 0x80,
    0xcd, 0xd4, 0x4d, 0xc6, 0x2, 0x1e, 0x1, 0x8,
    0xcc, 0x0, 0x10, 0x4d, 0xa5, 0x21, 0x50, 0x0,
    0x89, 0xbb, 0xa3, 0xe, 0xee, 0xa5, 0xee, 0x48,
    0x47, 0x7a, 0xbb, 0x98, 0x9, 0xd4, 0x11, 0xdf,
    0x88, 0x19, 0xe4, 0xe2, 0x1a, 0x15, 0x6, 0x8,
    0x8d, 0x88, 0x9c, 0x22, 0xe, 0x1, 0x10, 0x18,
    0x4f, 0x40, 0xd6, 0x8, 0x30, 0x88, 0x3, 0xbc,
    0x18, 0x0, 0x2f, 0xb0, 0xc0, 0x2, 0x30, 0xf,
    0x20, 0x6f, 0xff, 0x42, 0xf7, 0x89, 0x7e, 0x0,
    0x42, 0x44, 0x66, 0xfe, 0x40, 0x36, 0xb0, 0x8,
    0x77, 0xe6, 0x78, 0xcc, 0x0, 0x60, 0x89, 0x70,
    0xc, 0x44, 0x0, 0xec, 0x76, 0x61, 0xc2, 0x0,
    0x40,

    /* U+6D4B "测" */
    0x1, 0x0, 0xff, 0xe1, 0xc2, 0x17, 0xd0, 0x80,
    0x7f, 0xf0, 0x5, 0xf4, 0x99, 0x70, 0x67, 0xff,
    0xc2, 0x1, 0xf4, 0x51, 0x68, 0x1, 0x9a, 0x30,
    0xf, 0xf2, 0xcc, 0x80, 0x13, 0x35, 0x80, 0x13,
    0xc8, 0x3, 0xcc, 0xa0, 0x16, 0x38, 0x7, 0xf4,
    0x72, 0x0, 0x71, 0xf0, 0x7, 0xf5, 0x1d, 0xa8,
    0x7, 0xff, 0xc, 0xb4, 0xe8, 0x80, 0x3f, 0xf8,
    0x9b, 0x4, 0x1, 0xff, 0xc4, 0x17, 0x0, 0xff,
    0xe3, 0x12, 0x0, 0x7f, 0xf1, 0x6a, 0xc0, 0x30,
    0x80, 0x7f, 0xf0, 0x15, 0x0, 0x4, 0x1e, 0x1,
    0xff, 0x21, 0x68, 0x9b, 0x81, 0x89, 0x0, 0x7f,
    0x78, 0x3c, 0x64, 0x8b, 0x66, 0x5, 0xa0, 0xc0,
    0x32, 0xa3, 0x8, 0x39, 0xb1, 0xbe, 0x9, 0x38,
    0x80, 0x45, 0x61, 0x0, 0xf0, 0x70, 0x38, 0x18,
    0x1, 0xe9, 0x19, 0x1b, 0x82, 0xd0, 0x0, 0xf1,
    0x52, 0xcd, 0x80, 0xd4, 0x30, 0x1a, 0xe8, 0x80,
    0x47, 0x1e, 0xcc, 0x51, 0xb1, 0x70, 0x4, 0x50,
    0x7, 0x9d, 0x4f, 0xfd, 0xc6,

    /* U+7259 "牙" */
    0x0, 0xff, 0xe5, 0xcf, 0xff, 0xff, 0x9, 0x40,
    0x3c, 0xce, 0xfe, 0x40, 0x47, 0x7c, 0x1, 0xe9,
    0x88, 0xf7, 0x7, 0x44, 0x44, 0x1, 0xff, 0xf6,
    0x10, 0xf, 0xfe, 0x10, 0xff, 0x98, 0x3b, 0xff,
    0xd4, 0x15, 0xff, 0xa4, 0x5d, 0xfe, 0x50, 0x47,
    0x40, 0x47, 0x7d, 0x81, 0x11, 0xf1, 0x4, 0x43,
    0x83, 0xa2, 0x32, 0x80, 0x7c, 0x2e, 0x66, 0x0,
    0xff, 0xe2, 0x58, 0x40, 0x7, 0xff, 0x12, 0x15,
    0x48, 0x1, 0xff, 0xc3, 0xa7, 0x3a, 0x0, 0xff,
    0xe1, 0x26, 0xaa, 0x60, 0x7, 0xff, 0x5, 0x32,
    0xc9, 0xec, 0x3, 0xff, 0x82, 0x96, 0x69, 0xb0,
    0x1, 0x35, 0xd4, 0x0, 0x80, 0x72, 0x4e, 0xd9,
    0x0, 0x62, 0x45, 0x22, 0x28, 0x7, 0x0,

    /* U+72B6 "状" */
    0x0, 0xe5, 0x70, 0xe, 0x48, 0x0, 0xff, 0xe0,
    0x7c, 0x80, 0x76, 0xb8, 0x90, 0x7, 0xff, 0x1c,
    0xf2, 0xc0, 0x3c, 0x40, 0x1f, 0xf1, 0xc2, 0x48,
    0x6, 0xbc, 0x10, 0xf, 0xf9, 0x9a, 0x40, 0xb,
    0xc6, 0x0, 0x3f, 0xf8, 0x12, 0x3e, 0x1, 0x21,
    0xb0, 0x7, 0xff, 0x7, 0x6c, 0x3, 0x50, 0x28,
    0x0, 0xbf, 0xf3, 0x7, 0x7f, 0xb3, 0xf4, 0x2,
    0x70, 0x30, 0x1, 0xaa, 0xe1, 0x0, 0x12, 0xac,
    0x80, 0x10, 0xeb, 0x0, 0x6, 0xab, 0x10, 0x82,
    0x55, 0x52, 0x1, 0x88, 0x5c, 0x3, 0xc4, 0xa4,
    0xa0, 0x1f, 0x8b, 0x8, 0x3, 0x84, 0x58, 0xe6,
    0x1, 0xf3, 0x69, 0x90, 0x7, 0x38, 0x1e, 0x2,
    0x0, 0x75, 0x49, 0x63, 0x80, 0x75, 0xa, 0x38,
    0x70, 0x7, 0x7a, 0xe9, 0x0, 0x71, 0x99, 0xc0,
    0x51, 0x44, 0x3, 0x2d, 0x0, 0x7d, 0xc1, 0x60,
    0xf, 0xb, 0x0, 0xff, 0xe0, 0x41, 0x39, 0x0,
    0x11, 0x56, 0x0, 0xff, 0x43, 0x9c, 0x0, 0x6b,
    0xa, 0x30, 0xf, 0xce, 0xe2, 0xd0, 0xe, 0x1b,
    0xc, 0x20, 0xf, 0x95, 0x30, 0x40, 0x3c, 0x98,
    0x66, 0x0, 0xea, 0xe2, 0xb1, 0x0, 0xfc, 0x78,
    0x20,

    /* U+7528 "用" */
    0x0, 0xa2, 0x67, 0xff, 0x82, 0x80, 0x13, 0x37,
    0xff, 0x8, 0xc0, 0x31, 0xff, 0xe6, 0xe, 0xff,
    0xac, 0x3, 0xff, 0xbc, 0x51, 0x19, 0x2, 0x23,
    0x70, 0x7, 0x85, 0xdf, 0x10, 0x33, 0xbc, 0xa0,
    0x1e, 0x3f, 0xfc, 0xc1, 0xdf, 0xf5, 0x80, 0x7f,
    0xf7, 0x44, 0xa2, 0x32, 0x4, 0x46, 0xe0, 0xf,
    0xb, 0xbe, 0x20, 0x67, 0x79, 0x40, 0x30, 0x82,
    0xff, 0xe6, 0xe, 0xff, 0xac, 0x3, 0x20, 0x68,
    0x7, 0xff, 0xf, 0xc1, 0x0, 0x3f, 0xf8, 0x44,
    0xa2, 0x60, 0x1f, 0xfc, 0x28, 0x8, 0x0, 0xff,
    0xe1, 0x2a, 0x89, 0x80, 0x3b, 0xd0, 0x42, 0x2a,
    0x40, 0x70, 0x3c, 0x3, 0xcd, 0x60, 0xf, 0x52,
    0x23, 0xcf, 0x10, 0x7, 0xf9, 0xff, 0xda, 0x20,

    /* U+79D2 "秒" */
    0x0, 0xff, 0xe0, 0x99, 0x0, 0x7f, 0xc6, 0xf8,
    0x60, 0x1b, 0x20, 0x3, 0xc7, 0x79, 0xbf, 0x90,
    0x2c, 0x1, 0xff, 0xc0, 0x31, 0x1c, 0x19, 0xaa,
    0x2, 0x1, 0xc4, 0x1, 0xd5, 0xb8, 0xa0, 0x60,
    0x14, 0x68, 0x5, 0x1a, 0xc0, 0x1f, 0xfc, 0x14,
    0x0, 0xd2, 0x52, 0x60, 0x14, 0x44, 0xc1, 0x10,
    0x33, 0x12, 0x80, 0x43, 0xe1, 0xc0, 0x1, 0x77,
    0x88, 0x1d, 0xc9, 0x1, 0x40, 0x18, 0xa0, 0x98,
    0x7, 0xfe, 0x0, 0x7f, 0x89, 0x14, 0x80, 0x39,
    0xc6, 0x0, 0x31, 0x80, 0x18, 0x6c, 0x6c, 0x3,
    0xc4, 0xca, 0x20, 0x14, 0x80, 0x27, 0x72, 0x84,
    0x3, 0x93, 0x75, 0x62, 0x0, 0x35, 0x0, 0x49,
    0xda, 0x0, 0x4, 0xc, 0x3c, 0x10, 0x3, 0x70,
    0x10, 0x32, 0xb1, 0x4f, 0xf0, 0x71, 0xa3, 0x8,
    0x5, 0x65, 0x2c, 0x0, 0x82, 0xa, 0x44, 0x33,
    0x38, 0x20, 0x2, 0x94, 0x66, 0x0, 0x45, 0xa4,
    0x77, 0x69, 0xb2, 0x81, 0x0, 0xa2, 0x12, 0x1,
    0xfe, 0xa5, 0x53, 0x80, 0x61, 0x70, 0xf, 0xe3,
    0xd5, 0x4a, 0x0, 0xff, 0xe1, 0x25, 0x61, 0x3d,
    0x80, 0x7f, 0xf0, 0x67, 0xad, 0x53, 0x60, 0x3,
    0xff, 0x84, 0x24, 0xfb, 0x64, 0x1, 0xf8,

    /* U+7B49 "等" */
    0x0, 0x89, 0x0, 0x3e, 0x61, 0x0, 0xfe, 0xab,
    0x30, 0xe, 0x49, 0x60, 0xf, 0xe6, 0x4, 0x77,
    0xc3, 0xc1, 0xb3, 0x3c, 0x20, 0x8, 0x10, 0x88,
    0xe4, 0x50, 0x56, 0x6e, 0x30, 0x47, 0x4d, 0x70,
    0x6d, 0xc8, 0xc, 0xf4, 0xa, 0xff, 0x12, 0x58,
    0xd1, 0x41, 0xb0, 0x28, 0x41, 0x85, 0xc, 0x0,
    0x62, 0xc1, 0x0, 0x7e, 0x14, 0xb3, 0x80, 0x6,
    0xb0, 0x2, 0x4d, 0x2a, 0xaa, 0x65, 0x40, 0xb5,
    0x5b, 0xa4, 0x3, 0xc8, 0xab, 0xc0, 0x2a, 0xbc,
    0x60, 0x1e, 0xef, 0xfe, 0x4, 0xff, 0xeb, 0x0,
    0x96, 0x67, 0xf0, 0x34, 0xcf, 0xe2, 0xf6, 0x6f,
    0xc0, 0x4c, 0xdf, 0x9e, 0xbf, 0xff, 0xf8, 0x6,
    0x6f, 0xfc, 0xa1, 0x33, 0xff, 0xc0, 0x33, 0x4c,
    0xce, 0x0, 0x66, 0xff, 0xe0, 0x0, 0x19, 0xaa,
    0x0, 0x7f, 0xa4, 0x9a, 0xff, 0xfc, 0x43, 0xff,
    0x68, 0x6, 0x37, 0x6b, 0xd4, 0x0, 0xff, 0xe1,
    0x2d, 0x7c, 0x9d, 0x8, 0x7, 0xff, 0x11, 0xbf,
    0x46, 0x2a, 0xc8, 0xc0, 0x3f, 0xf8, 0x2, 0x61,
    0xea, 0x87, 0xc0, 0x1c,

    /* U+7F6E "置" */
    0xc, 0xff, 0xff, 0xe1, 0x70, 0x7, 0x2a, 0x90,
    0x9, 0x54, 0x60, 0x6a, 0xa1, 0x10, 0x6, 0x1a,
    0xa4, 0x82, 0x55, 0x24, 0x26, 0xa8, 0xa0, 0x1c,
    0x3f, 0xed, 0x6, 0xff, 0x50, 0x57, 0xf9, 0x0,
    0x32, 0x2a, 0xfc, 0x0, 0x55, 0xe6, 0x0, 0x2f,
    0xee, 0xfc, 0x3, 0xbb, 0xdc, 0xe1, 0x11, 0xfc,
    0x3, 0x11, 0xf0, 0xfe, 0xee, 0xcc, 0xa8, 0x17,
    0x33, 0x6e, 0xc3, 0x7a, 0x44, 0xbc, 0xca, 0x81,
    0x73, 0x37, 0x91, 0x0, 0xc0, 0x39, 0xe2, 0x3e,
    0x10, 0xf, 0xf1, 0xee, 0xfc, 0x20, 0x1f, 0xf0,
    0x8f, 0xc0, 0x1f, 0xf1, 0xe6, 0x7c, 0x20, 0x1f,
    0xe7, 0x88, 0xf8, 0x40, 0x3f, 0xd7, 0x99, 0xf0,
    0x80, 0x7f, 0xaf, 0x33, 0xe1, 0x0, 0xfd, 0x19,
    0x9f, 0xef, 0x0, 0xef, 0xf7, 0x66, 0x7f, 0xb7,
    0xfd, 0x60, 0x5, 0x5f, 0xfe, 0x21, 0x80,

    /* U+84DD "蓝" */
    0x0, 0xe3, 0xf6, 0x0, 0xdf, 0x40, 0x1e, 0x7a,
    0xad, 0xe1, 0x55, 0xc0, 0x95, 0x5c, 0x1a, 0xab,
    0x8c, 0xd, 0x57, 0x0, 0xaa, 0xf0, 0xd7, 0xfe,
    0xb0, 0x9f, 0xfc, 0xb, 0xff, 0xc2, 0x0, 0x10,
    0x2, 0xa8, 0x3, 0x34, 0x70, 0x7, 0xcd, 0xc8,
    0x2, 0xb8, 0x0, 0x59, 0x24, 0x0, 0xff, 0xe2,
    0x48, 0x57, 0xff, 0x28, 0x7, 0xf9, 0x4c, 0xcc,
    0xdf, 0x0, 0x7f, 0x15, 0x86, 0x98, 0x6c, 0xcc,
    0x60, 0x1f, 0xde, 0x32, 0x60, 0xd7, 0xa6, 0x1,
    0xff, 0x64, 0xb1, 0x57, 0xc1, 0xb0, 0x6, 0x6e,
    0x40, 0x15, 0xc1, 0x60, 0xc, 0xfe, 0xa0, 0x1d,
    0x1f, 0xee, 0x59, 0xff, 0xfb, 0xbc, 0x40, 0x3c,
    0xce, 0xa0, 0x6e, 0xe0, 0x17, 0x71, 0x0, 0x7e,
    0x88, 0x48, 0x5c, 0x40, 0x4a, 0x20, 0x80, 0x1f,
    0xfc, 0xe3, 0x0, 0x9c, 0x3, 0xf1, 0x80, 0x6d,
    0xf5, 0xe, 0xfb, 0x8, 0xff, 0x9, 0xff, 0x94,
    0x3b, 0xd2, 0x9d, 0xff, 0xf8, 0xcc,

    /* U+8BBE "设" */
    0x0, 0xc, 0x80, 0x72, 0xcc, 0xf9, 0x40, 0x3c,
    0x8d, 0xa2, 0x1, 0x63, 0x37, 0xb0, 0x3, 0xcb,
    0x25, 0x40, 0x1d, 0xdf, 0xed, 0x0, 0xfe, 0x66,
    0x22, 0x0, 0x3e, 0x30, 0xf, 0xf4, 0x4a, 0x0,
    0x8, 0x4, 0x3, 0xff, 0x82, 0x2c, 0x0, 0x14,
    0x20, 0xf, 0xf2, 0x33, 0x4a, 0x0, 0x1d, 0x8,
    0x0, 0x84, 0x4d, 0xfe, 0x50, 0x99, 0xd4, 0x3,
    0xe6, 0xca, 0x1, 0xb5, 0xd9, 0x8e, 0x1f, 0x98,
    0x30, 0x0, 0xc4, 0xc8, 0x3, 0x8e, 0x26, 0x44,
    0x4, 0x66, 0x70, 0x9, 0xa3, 0xff, 0xf4, 0x80,
    0x7f, 0xcc, 0x0, 0x66, 0xc6, 0x18, 0x1, 0xff,
    0x43, 0x86, 0xcc, 0xc4, 0x2a, 0x1, 0xff, 0xc0,
    0x90, 0x90, 0x4, 0x8c, 0x80, 0x7f, 0xc2, 0x3,
    0x5, 0x2e, 0xc6, 0xe0, 0x1f, 0xc3, 0x1c, 0x20,
    0xe6, 0xd0, 0x5a, 0x1, 0xfe, 0xf7, 0x41, 0x1,
    0x70, 0x8, 0xc0, 0x3f, 0x38, 0x1d, 0xd8, 0x63,
    0x91, 0x9c, 0xb6, 0x48, 0x3, 0xdd, 0x1a, 0x15,
    0xce, 0x79, 0x31, 0x86, 0xdb, 0x8c, 0x1, 0x89,
    0xc3, 0x95, 0x59, 0x83, 0x0, 0x1e, 0x51, 0x98,
    0x40, 0x3e, 0xbe, 0xa3, 0x0, 0xf2, 0xe6, 0xb8,
    0x0,

    /* U+8BD5 "试" */
    0x0, 0xff, 0xe1, 0x21, 0x0, 0x79, 0xc0, 0x3f,
    0xc3, 0x70, 0x4a, 0x1, 0x2c, 0x60, 0x80, 0x7e,
    0x10, 0x4, 0x52, 0x0, 0x16, 0x8e, 0x80, 0x3f,
    0xea, 0x19, 0x0, 0x95, 0xd1, 0x0, 0x1f, 0xf4,
    0x19, 0x0, 0x51, 0x48, 0x11, 0x1f, 0x3, 0xc7,
    0xbb, 0x0, 0x65, 0x1, 0x77, 0xf8, 0x9, 0xd9,
    0x98, 0xae, 0xf8, 0x7, 0xff, 0xe1, 0x3f, 0xfa,
    0x26, 0x23, 0x0, 0x7f, 0x18, 0x80, 0x6e, 0xcc,
    0x18, 0x4, 0xb5, 0x5c, 0x82, 0x60, 0x18, 0x8c,
    0xce, 0x1, 0x12, 0xaf, 0x1b, 0x8, 0x7, 0xfc,
    0xff, 0x41, 0x3e, 0xe4, 0x2, 0x1, 0xff, 0xc5,
    0xf0, 0x20, 0xf, 0xfe, 0x29, 0x82, 0x80, 0x7f,
    0xf0, 0xb9, 0xa9, 0x83, 0xc0, 0x3f, 0xc6, 0xdc,
    0xf, 0x28, 0x42, 0x81, 0xae, 0x1, 0xe8, 0x99,
    0x22, 0x27, 0x78, 0x10, 0x8a, 0xc0, 0x9, 0xc3,
    0x9e, 0xf3, 0xed, 0x88, 0x1, 0xc1, 0x0, 0x60,
    0x13, 0x81, 0x60, 0x98, 0x7, 0x90, 0xd4, 0x30,
    0x2, 0xab, 0xc3, 0x0, 0xfe, 0xe2, 0x34,

    /* U+8BF7 "请" */
    0x0, 0xff, 0xe0, 0x21, 0x0, 0x7e, 0x20, 0xf,
    0xc3, 0x76, 0x0, 0xf9, 0x76, 0x0, 0x26, 0x88,
    0xa4, 0x16, 0x23, 0x18, 0x1, 0x54, 0xf0, 0x0,
    0xb7, 0x7c, 0x6, 0xef, 0x94, 0x2, 0xa4, 0x74,
    0xc, 0xee, 0xb4, 0x17, 0xbb, 0x30, 0x6, 0xa3,
    0x50, 0x1e, 0xeb, 0x41, 0x7b, 0xa9, 0x0, 0xe1,
    0xc1, 0x0, 0x33, 0x60, 0x26, 0x6b, 0x40, 0x2,
    0x45, 0x80, 0xcd, 0x55, 0x68, 0x35, 0x54, 0xc6,
    0x35, 0xbb, 0x87, 0x33, 0xac, 0x13, 0x33, 0x9b,
    0xe6, 0x46, 0x0, 0xaa, 0xff, 0xe0, 0xaa, 0x33,
    0x14, 0x0, 0xaa, 0x8a, 0xaf, 0xc6, 0xa4, 0x1,
    0xf8, 0xc5, 0x57, 0x90, 0x4, 0x3, 0xfe, 0x3f,
    0xfe, 0xc0, 0xf, 0xfe, 0x9, 0x55, 0x74, 0x0,
    0x7f, 0xf0, 0x4b, 0x77, 0xa8, 0x3, 0xff, 0x82,
    0x75, 0x5d, 0x80, 0x1f, 0xe2, 0x40, 0x17, 0x7e,
    0x60, 0xf, 0xea, 0xdd, 0x1, 0xff, 0xf6, 0x0,
    0x7c, 0x60, 0x8d, 0x60, 0x1c, 0xf1, 0x20, 0x20,
    0x1d, 0x6f, 0xd2, 0x40, 0x1e, 0x75, 0x37, 0x0,
    0x0,

    /* U+8FDE "连" */
    0x0, 0xff, 0x12, 0x80, 0x7f, 0xcd, 0x40, 0x1e,
    0x4a, 0x50, 0xf, 0xf6, 0x2d, 0x80, 0x76, 0x2,
    0x0, 0x7f, 0xa9, 0x51, 0xc7, 0xfe, 0x50, 0xef,
    0xff, 0x28, 0x6, 0xa2, 0x83, 0x77, 0x20, 0x2b,
    0xbf, 0xcc, 0x1, 0xdf, 0x65, 0x10, 0x10, 0xaa,
    0x15, 0xc4, 0x63, 0x0, 0xe2, 0x40, 0x0, 0xab,
    0x3, 0x2a, 0x80, 0x3e, 0x59, 0x99, 0x40, 0x12,
    0x1e, 0x64, 0x1c, 0x67, 0x8, 0x5, 0x8c, 0xd6,
    0x0, 0x10, 0x27, 0x24, 0x1f, 0x32, 0x90, 0xa,
    0x7f, 0x80, 0x34, 0xce, 0x60, 0x59, 0x9a, 0xc0,
    0x3f, 0xca, 0xcd, 0x68, 0x63, 0x34, 0x60, 0x1f,
    0x85, 0x9b, 0xb4, 0x31, 0x9b, 0x84, 0x3, 0xcb,
    0x33, 0xcc, 0xb, 0x33, 0xc4, 0x1, 0xe4, 0xcc,
    0xe9, 0x7, 0xcc, 0xe3, 0x0, 0xf8, 0xcf, 0x88,
    0x38, 0xcf, 0x80, 0x33, 0x2, 0x80, 0x7f, 0xf1,
    0x6a, 0xc, 0xda, 0xc0, 0x1e, 0x30, 0xf, 0xb1,
    0x5b, 0x30, 0x13, 0xf9, 0x53, 0xad, 0x93, 0x3a,
    0xa0, 0x22, 0x12, 0x7, 0xb4, 0xa2, 0xac, 0xdf,
    0x96, 0xc0,

    /* U+91CD "重" */
    0x0, 0xff, 0xe8, 0x89, 0x1a, 0xbc, 0xef, 0xc8,
    0x6, 0xbe, 0xed, 0xfe, 0xed, 0xca, 0x84, 0x67,
    0xc0, 0xd, 0xe, 0xe6, 0x63, 0xc1, 0x85, 0x6f,
    0xed, 0xc2, 0x80, 0x4d, 0x26, 0x62, 0x2b, 0x44,
    0x3a, 0x2a, 0xbc, 0x41, 0x8a, 0xbf, 0x10, 0x22,
    0xaf, 0xc2, 0x15, 0xff, 0xf3, 0x86, 0xff, 0xfc,
    0x60, 0x14, 0x7f, 0xf3, 0x86, 0xff, 0xf1, 0x80,
    0x7c, 0xcd, 0x8c, 0x19, 0xb1, 0x80, 0x7f, 0x5c,
    0xcc, 0x81, 0x73, 0x35, 0x80, 0x7f, 0x6f, 0xfc,
    0xe1, 0xbf, 0xf4, 0x0, 0x7f, 0x3c, 0x44, 0x80,
    0xf1, 0x12, 0x0, 0x7f, 0xf0, 0x5c, 0x3, 0xff,
    0x86, 0xf1, 0x11, 0x83, 0xc4, 0x48, 0x1, 0xf4,
    0x7f, 0xf3, 0x86, 0xff, 0xf1, 0x80, 0x61, 0xaa,
    0xf2, 0x84, 0xd5, 0x72, 0x80, 0x72, 0xaf, 0x88,
    0x11, 0x57, 0x88, 0x3, 0xf, 0xff, 0x9c, 0x37,
    0xff, 0x9c, 0x0, 0x73, 0x3f, 0x90, 0x22, 0x67,
    0xe8, 0x56, 0x6f, 0xc6, 0xa, 0xcd, 0xf8,

    /* U+91CF "量" */
    0x0, 0x91, 0xdf, 0xff, 0x80, 0x40, 0x1e, 0xd8,
    0x8f, 0xfe, 0x3, 0x0, 0x7e, 0xab, 0xbf, 0xce,
    0x1, 0xfe, 0xab, 0xbf, 0xce, 0x1, 0xfe, 0xcd,
    0xdf, 0xd0, 0x1, 0xfe, 0xcd, 0xdf, 0xd0, 0x1,
    0xe1, 0x16, 0x3b, 0xff, 0xf0, 0x44, 0x40, 0x3d,
    0xca, 0x77, 0xff, 0xe0, 0x67, 0x60, 0xd, 0x51,
    0xdf, 0xff, 0x85, 0x52, 0x0, 0x56, 0x77, 0xff,
    0xe1, 0x2a, 0x0, 0x73, 0x55, 0x60, 0x3a, 0xac,
    0x60, 0x1f, 0x9a, 0xab, 0x1, 0xd5, 0x63, 0x0,
    0xfc, 0xf9, 0x98, 0xf, 0x33, 0x20, 0x7, 0xe7,
    0xcc, 0xc0, 0x79, 0x99, 0x0, 0x3c, 0x51, 0x1e,
    0x2, 0x88, 0xf0, 0x7, 0x74, 0x47, 0x80, 0xa2,
    0x3d, 0xa0, 0x1a, 0x67, 0xe0, 0x29, 0x9f, 0x40,
    0x3, 0xbe, 0x67, 0xe0, 0x29, 0x9f, 0x57, 0xdb,
    0xaa, 0xff, 0xf1, 0xb0,

    /* U+95ED "闭" */
    0x0, 0xff, 0xe3, 0x9e, 0x98, 0x7, 0xff, 0x8,
    0x4f, 0x10, 0x1e, 0x67, 0xf4, 0x34, 0x97, 0x8d,
    0x95, 0x33, 0x7e, 0x7c, 0x70, 0x1a, 0x4, 0xdf,
    0x98, 0xff, 0xc8, 0x1, 0xc9, 0xcc, 0x0, 0xa9,
    0x0, 0xff, 0x84, 0x3, 0xff, 0x82, 0x73, 0x3e,
    0x21, 0x99, 0x98, 0x3, 0x33, 0x7c, 0x20, 0xcd,
    0x60, 0x6, 0x5f, 0xfd, 0x60, 0x1, 0xff, 0xa8,
    0x3, 0xfa, 0x8, 0xc0, 0x3f, 0xf8, 0x2e, 0x70,
    0x1, 0xff, 0xc1, 0x58, 0x55, 0x0, 0x7f, 0xf0,
    0x1a, 0x8e, 0x80, 0x3f, 0xe1, 0xa9, 0x3c, 0x0,
    0xff, 0xe0, 0x32, 0xb6, 0x0, 0x7f, 0xf0, 0x5f,
    0x24, 0x6, 0x5c, 0x80, 0x3f, 0xc6, 0x0, 0x14,
    0x81, 0x90, 0xf, 0xfe, 0xe, 0xff, 0x9c, 0x1,
    0x52, 0x84, 0x1, 0xff, 0xc1, 0x66, 0x1c, 0xd7,
    0x0, 0x7f, 0xd9, 0xf8, 0x80,

    /* U+989D "额" */
    0x0, 0xca, 0x40, 0x1f, 0xfc, 0x61, 0xbc, 0x10,
    0x9, 0x5d, 0xff, 0x28, 0x6, 0x1c, 0x1a, 0x0,
    0xa6, 0x23, 0xf4, 0x80, 0x23, 0xfd, 0xa0, 0x9d,
    0xcf, 0xf6, 0xec, 0x7, 0xbb, 0x80, 0x2, 0xc,
    0xd9, 0xd0, 0x8, 0xa4, 0x9, 0x22, 0x84, 0x3,
    0x42, 0x84, 0xcb, 0x82, 0x7b, 0x92, 0x17, 0xdc,
    0xd0, 0xa, 0x36, 0x4c, 0x9d, 0xc7, 0x60, 0x20,
    0x22, 0x0, 0x9, 0x80, 0x43, 0x4e, 0x9, 0x11,
    0x18, 0x3, 0xfa, 0x2b, 0x94, 0x2, 0x1a, 0x74,
    0xef, 0xe2, 0x5, 0x0, 0xd3, 0xa0, 0x1c, 0x4a,
    0xc1, 0x93, 0xa5, 0x44, 0x1, 0xff, 0x1f, 0x4f,
    0x3, 0x18, 0x90, 0x80, 0x7f, 0xf0, 0x4, 0x5e,
    0x43, 0x5, 0x1c, 0x60, 0x18, 0x40, 0x38, 0x67,
    0x95, 0x5e, 0xf9, 0x6a, 0x60, 0x1, 0xf, 0x0,
    0xe1, 0x42, 0x5, 0xef, 0xf5, 0x98, 0x4, 0x40,
    0x20, 0x1e, 0xd8, 0x3, 0x55, 0x80, 0x39, 0x41,
    0x40, 0x3f, 0xaa, 0xab, 0x0, 0xea, 0x7, 0x4d,
    0x70, 0xf, 0x8, 0x7, 0x47, 0xa9, 0xac, 0x5e,
    0x58, 0x7, 0xa3, 0xfd, 0xc0, 0x11, 0xd0, 0x46,
    0x32, 0x62, 0x0, 0x72, 0x33, 0x61, 0x9c, 0x1a,
    0x20, 0x9b, 0x1b, 0x40, 0xd, 0xb3, 0x39, 0x59,
    0x35, 0x40, 0x24, 0xc5, 0x40, 0x2, 0xfb, 0x0,
    0x6e, 0xcb, 0x20, 0xe, 0x3a, 0x0,

    /* U+FF01 "！" */
    0x2c, 0xc1, 0x9, 0x98, 0x40, 0x30, 0x80, 0x78,
    0x4c, 0x0, 0x62, 0x0, 0x10, 0x10, 0x8, 0xc4,
    0x0, 0x26, 0x0, 0x71, 0x0, 0xb, 0x80, 0x2a,
    0xc0, 0x6, 0x60, 0x1c, 0xc0, 0x80, 0x60,

    /* U+FF08 "（" */
    0x0, 0xfe, 0x4f, 0x20, 0xa, 0x98, 0x80, 0x12,
    0x30, 0x0, 0x16, 0x60, 0x80, 0x24, 0x28, 0x2,
    0x61, 0x30, 0x2, 0xa, 0x0, 0x46, 0x1a, 0x1,
    0x68, 0x10, 0x4, 0x20, 0x20, 0x13, 0x80, 0x73,
    0x80, 0x80, 0x44, 0x6, 0x1, 0x78, 0x78, 0x4,
    0x80, 0x80, 0x11, 0x19, 0x8, 0x5, 0x20, 0xc0,
    0x12, 0x95, 0x0, 0x68, 0x24, 0x0, 0x95, 0x24,
    0x3, 0x52, 0x10,

    /* U+FF09 "）" */
    0x0, 0xf1, 0x7a, 0x0, 0x44, 0xd4, 0x1, 0xa0,
    0x64, 0x2, 0x15, 0x61, 0x0, 0xb8, 0x24, 0x2,
    0x40, 0x60, 0xc, 0x82, 0x60, 0x16, 0x2, 0x0,
    0x42, 0x1a, 0x1, 0x10, 0x8, 0x7, 0x38, 0x4,
    0x20, 0xe0, 0x11, 0x81, 0x0, 0x5c, 0x1e, 0x1,
    0x20, 0x20, 0x4, 0x66, 0x20, 0x2, 0x84, 0x80,
    0x52, 0x4a, 0x0, 0x43, 0x80, 0xa, 0x15, 0x40,
    0x2, 0x5b, 0x0, 0x80,

    /* U+FF0C "，" */
    0x3, 0x30, 0x3, 0x30, 0x40, 0x1d, 0xe0, 0x60,
    0xa2, 0x20, 0x8a, 0x0, 0x6a, 0x0,

    /* U+FF1A "：" */
    0x3, 0x30, 0xe, 0x60, 0x40, 0x30, 0xff, 0x84,
    0x3, 0xff, 0x92, 0x66, 0x1, 0xcc, 0x8, 0x6,

    /* U+FF1F "？" */
    0x0, 0xff, 0xe1, 0xbe, 0xff, 0xb6, 0x0, 0x3a,
    0xe0, 0xd5, 0x46, 0xfa, 0x20, 0x7, 0x42, 0xfa,
    0xa7, 0xa1, 0x58, 0x2, 0x82, 0x44, 0x0, 0x34,
    0xa, 0x0, 0x44, 0x80, 0x30, 0x88, 0x2, 0x9b,
    0x0, 0xe3, 0x12, 0x0, 0xfc, 0x5a, 0x10, 0x1,
    0xf1, 0x60, 0xba, 0x80, 0x78, 0x70, 0x62, 0x0,
    0x1f, 0x40, 0xbb, 0x80, 0x3f, 0x38, 0x48, 0x7,
    0xf0, 0x8c, 0x1, 0xfd, 0xde, 0x1, 0xfe, 0x22,
    0x0, 0x7f, 0xe, 0x60, 0x40, 0x3f, 0xf8, 0x80
};


/*---------------------
 *  GLYPH DESCRIPTION
 *--------------------*/

static const lv_font_fmt_txt_glyph_dsc_t glyph_dsc[] = {
    {.bitmap_index = 0, .adv_w = 0, .box_w = 0, .box_h = 0, .ofs_x = 0, .ofs_y = 0} /* id = 0 reserved */,
    {.bitmap_index = 0, .adv_w = 98, .box_w = 0, .box_h = 0, .ofs_x = 0, .ofs_y = 0},
    {.bitmap_index = 0, .adv_w = 98, .box_w = 4, .box_h = 16, .ofs_x = 1, .ofs_y = 0},
    {.bitmap_index = 29, .adv_w = 125, .box_w = 7, .box_h = 6, .ofs_x = 0, .ofs_y = 10},
    {.bitmap_index = 48, .adv_w = 196, .box_w = 12, .box_h = 16, .ofs_x = 0, .ofs_y = 0},
    {.bitmap_index = 138, .adv_w = 196, .box_w = 12, .box_h = 20, .ofs_x = 0, .ofs_y = -2},
    {.bitmap_index = 239, .adv_w = 313, .box_w = 18, .box_h = 16, .ofs_x = 1, .ofs_y = 0},
    {.bitmap_index = 359, .adv_w = 235, .box_w = 15, .box_h = 17, .ofs_x = 0, .ofs_y = -1},
    {.bitmap_index = 469, .adv_w = 67, .box_w = 4, .box_h = 6, .ofs_x = 0, .ofs_y = 10},
    {.bitmap_index = 480, .adv_w = 117, .box_w = 6, .box_h = 21, .ofs_x = 1, .ofs_y = -5},
    {.bitmap_index = 537, .adv_w = 117, .box_w = 6, .box_h = 21, .ofs_x = 0, .ofs_y = -5},
    {.bitmap_index = 594, .adv_w = 137, .box_w = 8, .box_h = 7, .ofs_x = 0, .ofs_y = 9},
    {.bitmap_index = 622, .adv_w = 206, .box_w = 11, .box_h = 11, .ofs_x = 1, .ofs_y = 3},
    {.bitmap_index = 650, .adv_w = 98, .box_w = 4, .box_h = 7, .ofs_x = 1, .ofs_y = -4},
    {.bitmap_index = 664, .adv_w = 117, .box_w = 7, .box_h = 3, .ofs_x = 0, .ofs_y = 5},
    {.bitmap_index = 670, .adv_w = 98, .box_w = 4, .box_h = 3, .ofs_x = 1, .ofs_y = 0},
    {.bitmap_index = 676, .adv_w = 98, .box_w = 7, .box_h = 17, .ofs_x = 0, .ofs_y = -1},
    {.bitmap_index = 724, .adv_w = 196, .box_w = 12, .box_h = 16, .ofs_x = 0, .ofs_y = 0},
    {.bitmap_index = 801, .adv_w = 196, .box_w = 7, .box_h = 16, .ofs_x = 2, .ofs_y = 0},
    {.bitmap_index = 825, .adv_w = 196, .box_w = 12, .box_h = 16, .ofs_x = 0, .ofs_y = 0},
    {.bitmap_index = 900, .adv_w = 196, .box_w = 12, .box_h = 16, .ofs_x = 0, .ofs_y = 0},
    {.bitmap_index = 985, .adv_w = 196, .box_w = 12, .box_h = 16, .ofs_x = 0, .ofs_y = 0},
    {.bitmap_index = 1041, .adv_w = 196, .box_w = 12, .box_h = 16, .ofs_x = 0, .ofs_y = 0},
    {.bitmap_index = 1124, .adv_w = 196, .box_w = 12, .box_h = 16, .ofs_x = 0, .ofs_y = 0},
    {.bitmap_index = 1214, .adv_w = 196, .box_w = 11, .box_h = 16, .ofs_x = 1, .ofs_y = 0},
    {.bitmap_index = 1272, .adv_w = 196, .box_w = 12, .box_h = 16, .ofs_x = 0, .ofs_y = 0},
    {.bitmap_index = 1362, .adv_w = 196, .box_w = 12, .box_h = 16, .ofs_x = 0, .ofs_y = 0},
    {.bitmap_index = 1451, .adv_w = 98, .box_w = 4, .box_h = 12, .ofs_x = 1, .ofs_y = 0},
    {.bitmap_index = 1467, .adv_w = 98, .box_w = 4, .box_h = 16, .ofs_x = 1, .ofs_y = -4},
    {.bitmap_index = 1491, .adv_w = 206, .box_w = 11, .box_h = 12, .ofs_x = 1, .ofs_y = 2},
    {.bitmap_index = 1543, .adv_w = 206, .box_w = 11, .box_h = 7, .ofs_x = 1, .ofs_y = 5},
    {.bitmap_index = 1561, .adv_w = 206, .box_w = 11, .box_h = 12, .ofs_x = 1, .ofs_y = 2},
    {.bitmap_index = 1614, .adv_w = 196, .box_w = 11, .box_h = 16, .ofs_x = 1, .ofs_y = 0},
    {.bitmap_index = 1681, .adv_w = 357, .box_w = 21, .box_h = 21, .ofs_x = 1, .ofs_y = -5},
    {.bitmap_index = 1880, .adv_w = 235, .box_w = 16, .box_h = 16, .ofs_x = -1, .ofs_y = 0},
    {.bitmap_index = 1975, .adv_w = 235, .box_w = 13, .box_h = 16, .ofs_x = 1, .ofs_y = 0},
    {.bitmap_index = 2047, .adv_w = 254, .box_w = 15, .box_h = 16, .ofs_x = 1, .ofs_y = 0},
    {.bitmap_index = 2143, .adv_w = 254, .box_w = 14, .box_h = 16, .ofs_x = 1, .ofs_y = 0},
    {.bitmap_index = 2214, .adv_w = 235, .box_w = 13, .box_h = 16, .ofs_x = 1, .ofs_y = 0},
    {.bitmap_index = 2248, .adv_w = 215, .box_w = 12, .box_h = 16, .ofs_x = 1, .ofs_y = 0},
    {.bitmap_index = 2275, .adv_w = 274, .box_w = 15, .box_h = 16, .ofs_x = 1, .ofs_y = 0},
    {.bitmap_index = 2372, .adv_w = 254, .box_w = 14, .box_h = 16, .ofs_x = 1, .ofs_y = 0},
    {.bitmap_index = 2395, .adv_w = 98, .box_w = 3, .box_h = 16, .ofs_x = 2, .ofs_y = 0},
    {.bitmap_index = 2400, .adv_w = 176, .box_w = 10, .box_h = 16, .ofs_x = 0, .ofs_y = 0},
    {.bitmap_index = 2435, .adv_w = 235, .box_w = 14, .box_h = 16, .ofs_x = 1, .ofs_y = 0},
    {.bitmap_index = 2511, .adv_w = 196, .box_w = 11, .box_h = 16, .ofs_x = 1, .ofs_y = 0},
    {.bitmap_index = 2527, .adv_w = 293, .box_w = 16, .box_h = 16, .ofs_x = 1, .ofs_y = 0},
    {.bitmap_index = 2616, .adv_w = 254, .box_w = 14, .box_h = 16, .ofs_x = 1, .ofs_y = 0},
    {.bitmap_index = 2683, .adv_w = 274, .box_w = 16, .box_h = 16, .ofs_x = 1, .ofs_y = 0},
    {.bitmap_index = 2784, .adv_w = 235, .box_w = 13, .box_h = 16, .ofs_x = 1, .ofs_y = 0},
    {.bitmap_index = 2832, .adv_w = 274, .box_w = 16, .box_h = 17, .ofs_x = 1, .ofs_y = -1},
    {.bitmap_index = 2944, .adv_w = 254, .box_w = 15, .box_h = 16, .ofs_x = 1, .ofs_y = 0},
    {.bitmap_index = 3024, .adv_w = 235, .box_w = 14, .box_h = 16, .ofs_x = 0, .ofs_y = 0},
    {.bitmap_index = 3124, .adv_w = 215, .box_w = 13, .box_h = 16, .ofs_x = 0, .ofs_y = 0},
    {.bitmap_index = 3145, .adv_w = 254, .box_w = 14, .box_h = 16, .ofs_x = 1, .ofs_y = 0},
    {.bitmap_index = 3198, .adv_w = 235, .box_w = 15, .box_h = 16, .ofs_x = 0, .ofs_y = 0},
    {.bitmap_index = 3288, .adv_w = 332, .box_w = 21, .box_h = 16, .ofs_x = 0, .ofs_y = 0},
    {.bitmap_index = 3433, .adv_w = 235, .box_w = 15, .box_h = 16, .ofs_x = 0, .ofs_y = 0},
    {.bitmap_index = 3531, .adv_w = 235, .box_w = 15, .box_h = 16, .ofs_x = 0, .ofs_y = 0},
    {.bitmap_index = 3595, .adv_w = 215, .box_w = 13, .box_h = 16, .ofs_x = 0, .ofs_y = 0},
    {.bitmap_index = 3662, .adv_w = 98, .box_w = 5, .box_h = 21, .ofs_x = 1, .ofs_y = -5},
    {.bitmap_index = 3679, .adv_w = 98, .box_w = 7, .box_h = 17, .ofs_x = 0, .ofs_y = -1},
    {.bitmap_index = 3726, .adv_w = 98, .box_w = 5, .box_h = 21, .ofs_x = 0, .ofs_y = -5},
    {.bitmap_index = 3743, .adv_w = 165, .box_w = 10, .box_h = 9, .ofs_x = 0, .ofs_y = 7},
    {.bitmap_index = 3783, .adv_w = 176, .box_w = 13, .box_h = 2, .ofs_x = -1, .ofs_y = -4},
    {.bitmap_index = 3790, .adv_w = 117, .box_w = 5, .box_h = 4, .ofs_x = 0, .ofs_y = 13},
    {.bitmap_index = 3801, .adv_w = 196, .box_w = 12, .box_h = 12, .ofs_x = 0, .ofs_y = 0},
    {.bitmap_index = 3868, .adv_w = 196, .box_w = 11, .box_h = 16, .ofs_x = 1, .ofs_y = 0},
    {.bitmap_index = 3929, .adv_w = 176, .box_w = 11, .box_h = 12, .ofs_x = 0, .ofs_y = 0},
    {.bitmap_index = 3987, .adv_w = 196, .box_w = 11, .box_h = 16, .ofs_x = 0, .ofs_y = 0},
    {.bitmap_index = 4052, .adv_w = 196, .box_w = 12, .box_h = 12, .ofs_x = 0, .ofs_y = 0},
    {.bitmap_index = 4116, .adv_w = 98, .box_w = 7, .box_h = 16, .ofs_x = 0, .ofs_y = 0},
    {.bitmap_index = 4145, .adv_w = 196, .box_w = 11, .box_h = 17, .ofs_x = 0, .ofs_y = -5},
    {.bitmap_index = 4231, .adv_w = 196, .box_w = 10, .box_h = 16, .ofs_x = 1, .ofs_y = 0},
    {.bitmap_index = 4264, .adv_w = 78, .box_w = 3, .box_h = 16, .ofs_x = 1, .ofs_y = 0},
    {.bitmap_index = 4275, .adv_w = 78, .box_w = 5, .box_h = 21, .ofs_x = -1, .ofs_y = -5},
    {.bitmap_index = 4296, .adv_w = 176, .box_w = 10, .box_h = 16, .ofs_x = 1, .ofs_y = 0},
    {.bitmap_index = 4346, .adv_w = 78, .box_w = 3, .box_h = 16, .ofs_x = 1, .ofs_y = 0},
    {.bitmap_index = 4351, .adv_w = 293, .box_w = 16, .box_h = 12, .ofs_x = 1, .ofs_y = 0},
    {.bitmap_index = 4403, .adv_w = 196, .box_w = 10, .box_h = 12, .ofs_x = 1, .ofs_y = 0},
    {.bitmap_index = 4432, .adv_w = 196, .box_w = 12, .box_h = 12, .ofs_x = 0, .ofs_y = 0},
    {.bitmap_index = 4497, .adv_w = 196, .box_w = 11, .box_h = 17, .ofs_x = 1, .ofs_y = -5},
    {.bitmap_index = 4562, .adv_w = 196, .box_w = 11, .box_h = 17, .ofs_x = 0, .ofs_y = -5},
    {.bitmap_index = 4628, .adv_w = 117, .box_w = 7, .box_h = 12, .ofs_x = 1, .ofs_y = 0},
    {.bitmap_index = 4649, .adv_w = 176, .box_w = 11, .box_h = 12, .ofs_x = 0, .ofs_y = 0},
    {.bitmap_index = 4714, .adv_w = 98, .box_w = 6, .box_h = 17, .ofs_x = 0, .ofs_y = 0},
    {.bitmap_index = 4744, .adv_w = 196, .box_w = 10, .box_h = 12, .ofs_x = 1, .ofs_y = 0},
    {.bitmap_index = 4773, .adv_w = 176, .box_w = 11, .box_h = 12, .ofs_x = 0, .ofs_y = 0},
    {.bitmap_index = 4830, .adv_w = 254, .box_w = 16, .box_h = 12, .ofs_x = 0, .ofs_y = 0},
    {.bitmap_index = 4923, .adv_w = 176, .box_w = 11, .box_h = 12, .ofs_x = 0, .ofs_y = 0},
    {.bitmap_index = 4984, .adv_w = 176, .box_w = 11, .box_h = 17, .ofs_x = 0, .ofs_y = -5},
    {.bitmap_index = 5060, .adv_w = 176, .box_w = 11, .box_h = 12, .ofs_x = 0, .ofs_y = 0},
    {.bitmap_index = 5108, .adv_w = 118, .box_w = 7, .box_h = 21, .ofs_x = 0, .ofs_y = -5},
    {.bitmap_index = 5167, .adv_w = 91, .box_w = 2, .box_h = 21, .ofs_x = 2, .ofs_y = -5},
    {.bitmap_index = 5172, .adv_w = 118, .box_w = 7, .box_h = 21, .ofs_x = 0, .ofs_y = -5},
    {.bitmap_index = 5231, .adv_w = 206, .box_w = 12, .box_h = 6, .ofs_x = 0, .ofs_y = 5},
    {.bitmap_index = 5263, .adv_w = 123, .box_w = 6, .box_h = 6, .ofs_x = 1, .ofs_y = 5},
    {.bitmap_index = 5280, .adv_w = 352, .box_w = 18, .box_h = 3, .ofs_x = 2, .ofs_y = 0},
    {.bitmap_index = 5299, .adv_w = 352, .box_w = 8, .box_h = 7, .ofs_x = 1, .ofs_y = -1},
    {.bitmap_index = 5328, .adv_w = 352, .box_w = 21, .box_h = 21, .ofs_x = 1, .ofs_y = -2},
    {.bitmap_index = 5490, .adv_w = 352, .box_w = 21, .box_h = 21, .ofs_x = 0, .ofs_y = -2},
    {.bitmap_index = 5631, .adv_w = 352, .box_w = 20, .box_h = 20, .ofs_x = 1, .ofs_y = -2},
    {.bitmap_index = 5775, .adv_w = 352, .box_w = 20, .box_h = 20, .ofs_x = 1, .ofs_y = -1},
    {.bitmap_index = 5934, .adv_w = 352, .box_w = 20, .box_h = 21, .ofs_x = 1, .ofs_y = -2},
    {.bitmap_index = 6071, .adv_w = 352, .box_w = 18, .box_h = 19, .ofs_x = 2, .ofs_y = -1},
    {.bitmap_index = 6160, .adv_w = 352, .box_w = 18, .box_h = 20, .ofs_x = 1, .ofs_y = -1},
    {.bitmap_index = 6272, .adv_w = 352, .box_w = 21, .box_h = 20, .ofs_x = 0, .ofs_y = -1},
    {.bitmap_index = 6389, .adv_w = 352, .box_w = 18, .box_h = 21, .ofs_x = 1, .ofs_y = -2},
    {.bitmap_index = 6502, .adv_w = 352, .box_w = 20, .box_h = 20, .ofs_x = 0, .ofs_y = -2},
    {.bitmap_index = 6621, .adv_w = 352, .box_w = 21, .box_h = 20, .ofs_x = 0, .ofs_y = -1},
    {.bitmap_index = 6736, .adv_w = 352, .box_w = 21, .box_h = 20, .ofs_x = 0, .ofs_y = -1},
    {.bitmap_index = 6886, .adv_w = 352, .box_w = 20, .box_h = 20, .ofs_x = 1, .ofs_y = -2},
    {.bitmap_index = 7011, .adv_w = 352, .box_w = 20, .box_h = 20, .ofs_x = 1, .ofs_y = -2},
    {.bitmap_index = 7110, .adv_w = 352, .box_w = 18, .box_h = 21, .ofs_x = 2, .ofs_y = -2},
    {.bitmap_index = 7226, .adv_w = 352, .box_w = 20, .box_h = 20, .ofs_x = 1, .ofs_y = -2},
    {.bitmap_index = 7369, .adv_w = 352, .box_w = 18, .box_h = 18, .ofs_x = 3, .ofs_y = -1},
    {.bitmap_index = 7443, .adv_w = 352, .box_w = 20, .box_h = 20, .ofs_x = 1, .ofs_y = -1},
    {.bitmap_index = 7570, .adv_w = 352, .box_w = 20, .box_h = 21, .ofs_x = 1, .ofs_y = -2},
    {.bitmap_index = 7645, .adv_w = 352, .box_w = 20, .box_h = 20, .ofs_x = 1, .ofs_y = -2},
    {.bitmap_index = 7799, .adv_w = 352, .box_w = 20, .box_h = 19, .ofs_x = 0, .ofs_y = -1},
    {.bitmap_index = 7895, .adv_w = 352, .box_w = 21, .box_h = 20, .ofs_x = 0, .ofs_y = -1},
    {.bitmap_index = 8042, .adv_w = 352, .box_w = 21, .box_h = 19, .ofs_x = 0, .ofs_y = -1},
    {.bitmap_index = 8200, .adv_w = 352, .box_w = 20, .box_h = 21, .ofs_x = 1, .ofs_y = -2},
    {.bitmap_index = 8306, .adv_w = 352, .box_w = 21, .box_h = 21, .ofs_x = 0, .ofs_y = -2},
    {.bitmap_index = 8481, .adv_w = 352, .box_w = 22, .box_h = 21, .ofs_x = 0, .ofs_y = -2},
    {.bitmap_index = 8674, .adv_w = 352, .box_w = 20, .box_h = 20, .ofs_x = 1, .ofs_y = -1},
    {.bitmap_index = 8830, .adv_w = 352, .box_w = 13, .box_h = 18, .ofs_x = 5, .ofs_y = -1},
    {.bitmap_index = 8872, .adv_w = 352, .box_w = 19, .box_h = 20, .ofs_x = 2, .ofs_y = -1},
    {.bitmap_index = 8981, .adv_w = 352, .box_w = 21, .box_h = 20, .ofs_x = 1, .ofs_y = -2},
    {.bitmap_index = 9124, .adv_w = 352, .box_w = 20, .box_h = 20, .ofs_x = 1, .ofs_y = -2},
    {.bitmap_index = 9262, .adv_w = 352, .box_w = 17, .box_h = 20, .ofs_x = 1, .ofs_y = -2},
    {.bitmap_index = 9350, .adv_w = 352, .box_w = 21, .box_h = 21, .ofs_x = 1, .ofs_y = -2},
    {.bitmap_index = 9467, .adv_w = 352, .box_w = 21, .box_h = 20, .ofs_x = 1, .ofs_y = -1},
    {.bitmap_index = 9628, .adv_w = 352, .box_w = 21, .box_h = 20, .ofs_x = 0, .ofs_y = -1},
    {.bitmap_index = 9767, .adv_w = 352, .box_w = 21, .box_h = 21, .ofs_x = 1, .ofs_y = -2},
    {.bitmap_index = 9933, .adv_w = 352, .box_w = 20, .box_h = 21, .ofs_x = 1, .ofs_y = -2},
    {.bitmap_index = 10076, .adv_w = 352, .box_w = 20, .box_h = 20, .ofs_x = 1, .ofs_y = -1},
    {.bitmap_index = 10237, .adv_w = 352, .box_w = 19, .box_h = 21, .ofs_x = 1, .ofs_y = -2},
    {.bitmap_index = 10378, .adv_w = 352, .box_w = 20, .box_h = 19, .ofs_x = 1, .ofs_y = -1},
    {.bitmap_index = 10481, .adv_w = 352, .box_w = 21, .box_h = 21, .ofs_x = 0, .ofs_y = -2},
    {.bitmap_index = 10642, .adv_w = 352, .box_w = 18, .box_h = 20, .ofs_x = 1, .ofs_y = -2},
    {.bitmap_index = 10746, .adv_w = 352, .box_w = 21, .box_h = 20, .ofs_x = 1, .ofs_y = -1},
    {.bitmap_index = 10913, .adv_w = 352, .box_w = 20, .box_h = 20, .ofs_x = 1, .ofs_y = -1},
    {.bitmap_index = 11061, .adv_w = 352, .box_w = 19, .box_h = 19, .ofs_x = 2, .ofs_y = -1},
    {.bitmap_index = 11180, .adv_w = 352, .box_w = 20, .box_h = 19, .ofs_x = 1, .ofs_y = -1},
    {.bitmap_index = 11314, .adv_w = 352, .box_w = 21, .box_h = 20, .ofs_x = 1, .ofs_y = -2},
    {.bitmap_index = 11475, .adv_w = 352, .box_w = 20, .box_h = 20, .ofs_x = 1, .ofs_y = -1},
    {.bitmap_index = 11618, .adv_w = 352, .box_w = 20, .box_h = 20, .ofs_x = 1, .ofs_y = -1},
    {.bitmap_index = 11763, .adv_w = 352, .box_w = 21, .box_h = 19, .ofs_x = 0, .ofs_y = -1},
    {.bitmap_index = 11909, .adv_w = 352, .box_w = 20, .box_h = 20, .ofs_x = 1, .ofs_y = -1},
    {.bitmap_index = 12044, .adv_w = 352, .box_w = 20, .box_h = 19, .ofs_x = 1, .ofs_y = -1},
    {.bitmap_index = 12160, .adv_w = 352, .box_w = 17, .box_h = 21, .ofs_x = 2, .ofs_y = -2},
    {.bitmap_index = 12277, .adv_w = 352, .box_w = 21, .box_h = 21, .ofs_x = 0, .ofs_y = -2},
    {.bitmap_index = 12459, .adv_w = 352, .box_w = 4, .box_h = 16, .ofs_x = 9, .ofs_y = 0},
    {.bitmap_index = 12490, .adv_w = 352, .box_w = 6, .box_h = 22, .ofs_x = 8, .ofs_y = -5},
    {.bitmap_index = 12549, .adv_w = 352, .box_w = 6, .box_h = 22, .ofs_x = 8, .ofs_y = -5},
    {.bitmap_index = 12609, .adv_w = 352, .box_w = 4, .box_h = 7, .ofs_x = 9, .ofs_y = -4},
    {.bitmap_index = 12623, .adv_w = 352, .box_w = 4, .box_h = 12, .ofs_x = 9, .ofs_y = 0},
    {.bitmap_index = 12639, .adv_w = 352, .box_w = 12, .box_h = 17, .ofs_x = 5, .ofs_y = 0}
};

/*---------------------
 *  CHARACTER MAPPING
 *--------------------*/

static const uint16_t unicode_list_1[] = {
    0x0, 0x4, 0xfe0, 0x2f37, 0x3151, 0x31e4, 0x3247, 0x324d,
    0x33ea, 0x33eb, 0x33ec, 0x340d, 0x3446, 0x3706, 0x38e5, 0x3907,
    0x3bed, 0x3bf8, 0x3c2d, 0x3dd0, 0x3e54, 0x3e5d, 0x3e84, 0x3ede,
    0x3f63, 0x3fdf, 0x4231, 0x4383, 0x448b, 0x458e, 0x45c3, 0x45d4,
    0x46d2, 0x46de, 0x46e6, 0x4708, 0x473f, 0x47ed, 0x4aff, 0x4b43,
    0x4bad, 0x4d29, 0x5237, 0x5294, 0x5506, 0x59b0, 0x5b27, 0x5f4c,
    0x64bb, 0x6b9c, 0x6bb3, 0x6bd5, 0x6fbc, 0x71ab, 0x71ad, 0x75cb,
    0x787b, 0xdedf, 0xdee6, 0xdee7, 0xdeea, 0xdef8, 0xdefd
};

/*Collect the unicode lists and glyph_id offsets*/
static const lv_font_fmt_txt_cmap_t cmaps[] =
{
    {
        .range_start = 32, .range_length = 95, .glyph_id_start = 1,
        .unicode_list = NULL, .glyph_id_ofs_list = NULL, .list_length = 0, .type = LV_FONT_FMT_TXT_CMAP_FORMAT0_TINY
    },
    {
        .range_start = 8226, .range_length = 57086, .glyph_id_start = 96,
        .unicode_list = unicode_list_1, .glyph_id_ofs_list = NULL, .list_length = 63, .type = LV_FONT_FMT_TXT_CMAP_SPARSE_TINY
    }
};



/*--------------------
 *  ALL CUSTOM DATA
 *--------------------*/

#if LVGL_VERSION_MAJOR == 8
/*Store all the custom data of the font*/
static  lv_font_fmt_txt_glyph_cache_t cache;
#endif

#if LVGL_VERSION_MAJOR >= 8
static const lv_font_fmt_txt_dsc_t font_dsc = {
#else
static lv_font_fmt_txt_dsc_t font_dsc = {
#endif
    .glyph_bitmap = glyph_bitmap,
    .glyph_dsc = glyph_dsc,
    .cmaps = cmaps,
    .kern_dsc = NULL,
    .kern_scale = 0,
    .cmap_num = 2,
    .bpp = 4,
    .kern_classes = 0,
    .bitmap_format = 1,
#if LVGL_VERSION_MAJOR == 8
    .cache = &cache
#endif
};



/*-----------------
 *  PUBLIC FONT
 *----------------*/

/*Initialize a public general font descriptor*/
#if LVGL_VERSION_MAJOR >= 8
const lv_font_t ui_font_chinese_22 = {
#else
lv_font_t ui_font_chinese_22 = {
#endif
    .get_glyph_dsc = lv_font_get_glyph_dsc_fmt_txt,    /*Function pointer to get glyph's data*/
    .get_glyph_bitmap = lv_font_get_bitmap_fmt_txt,    /*Function pointer to get glyph's bitmap*/
    .line_height = 24,          /*The maximum line height required by the font*/
    .base_line = 5,             /*Baseline measured from the bottom of the line*/
#if !(LVGL_VERSION_MAJOR == 6 && LVGL_VERSION_MINOR == 0)
    .subpx = LV_FONT_SUBPX_NONE,
#endif
#if LV_VERSION_CHECK(7, 4, 0) || LVGL_VERSION_MAJOR >= 8
    .underline_position = -2,
    .underline_thickness = 1,
#endif
    .dsc = &font_dsc,          /*The custom font data. Will be accessed by `get_glyph_bitmap/dsc` */
#if LV_VERSION_CHECK(8, 2, 0) || LVGL_VERSION_MAJOR >= 9
    .fallback = NULL,
#endif
    .user_data = NULL,
};



#endif /*#if UI_FONT_CHINESE_22*/

